id,date,amount,invoice_numb,transaction,receipt,tax,category_id,keyword_id,sub_cat_id,team_id,trans_type,user_id,recurring_template_id,account,transport_type
102,2025-03-19,29.15,250102,Phoenix Meal,receipts/Phoenix-Meal_1.pdf,Yes,69,2,26,3,Expense,1,,,
111,2022-06-06,450.18,22001,Epping,/Volumes/Business/TSP/_FINANCIAL//2023/2022_Receipts/epping_car.png,yes,69,9,23,3,Expense,1,,,
122,2023-01-01,17.00,23002,Heroku,"",yes,8,100,14,1,Expense,1,,,
125,2023-01-14,15.36,23002,Website - Heroku,None,yes,8,100,14,4,Expense,1,,,
138,2023-02-14,15.36,23002,Website - Heroku,None,yes,8,100,14,4,Expense,1,,,
190,2023-05-14,17.00,23002,Website - Heroku,None,yes,8,100,14,4,Expense,1,,,
734,2025-01-06,9.99,,Apple iCloud,"",Yes,4,133,12,34,Expense,1,8,,
733,2025-01-07,13.38,,Microsoft 365,"",Yes,4,133,12,34,Expense,1,7,,
109,2022-03-08,1400.00,22001,Fatheadz Pay,Check to PNC,yes,7,34,19,3,Income,1,,,
110,2022-05-19,2073.98,22001,Fatheadz Pay,PNC,yes,7,34,19,3,Income,1,,,
112,2022-07-07,146.00,22001,Denver,/Volumes/Business/TSP/2023/2022_Receipts/Denver Hotel.pdf,yes,69,35,25,3,Expense,1,,,
113,2022-07-11,219.00,22001,Sonoma ,/Volumes/Business/TSP/_Financial/2023/2022_Receipts/sonoma_hotel.pdf,yes,69,14,25,3,Expense,1,,,
115,2022-07-27,469.94,22001,Fatheadz Pay,PNC ,yes,7,34,19,3,Income,1,,,
121,2023-01-01,29.00,23002,Udemy,"",yes,8,100,21,1,Expense,1,,,
123,2023-01-01,109.99,23002,FirstNet,"",yes,11,100,29,1,Expense,1,,,
133,2023-02-01,29.00,23002,Udemy,"",yes,8,100,21,1,Expense,1,,,
146,2023-03-01,13.36,23002,Microsoft 365,"",yes,4,100,12,1,Expense,1,,,
162,2023-04-01,74.40,23002,Cell Phone,"",yes,35,100,3,1,Expense,1,,,
184,2023-05-01,29.00,23002,Udemy,"",yes,8,100,21,1,Expense,1,,,
229,2023-07-01,99.38,23002,iPad,"",yes,35,100,5,1,Expense,1,,,
272,2023-08-16,13.36,23002,Paddle.net,None,yes,4,100,12,4,Expense,1,,,
273,2023-08-20,9.99,23002,Apple iCloud,None,yes,4,100,12,1,Expense,1,,,
350,2023-11-14,17.00,23002,Website - Heroku,None,yes,4,100,14,4,Expense,1,,,
384,2024-01-14,17.00,240999,Website - Heroku,None,yes,4,100,14,1,Expense,1,,,
386,2024-01-24,82.18,240999,Samsung - Monitor,None,yes,35,100,5,1,Expense,1,,,
396,2024-02-15,99.38,240999,iPad,"",yes,35,100,5,1,Expense,1,,,
406,2024-03-21,74.40,240999,Cell Phone,"",yes,35,100,3,1,Expense,1,,,
455,2024-05-08,315.00,240999,Mavic 3 Repair,PNC Debit,yes,35,100,6,3,Expense,1,,,
481,2024-05-20,50.08,240033,240033,/volumes/TSP/_FINANCIAL/2024/Receipts/240031_NHRA_Chicago_Gas_2.pdf,yes,69,8,27,3,Expense,1,,,
483,2024-06-01,99.38,240999,iPad,PNC Debit,yes,35,100,5,1,Expense,1,,,
485,2024-06-01,29.99,240999,Adobe CC,PNC Debit,yes,4,100,12,1,Expense,1,,,
513,2024-06-26,44.19,240047,Travel: Gas,Chase Business Card,yes,69,12,27,3,Expense,1,,,
543,2024-08-19,63.10,240051,Brainerd Gas,Chase Business,yes,69,15,27,3,Expense,1,,,
554,2024-09-25,81.05,240999,DJI Controller Repair - HDMI Port,Chase Business,yes,35,100,6,3,Expense,1,,,
633,2024-11-22,284.20,September,Affirm - Canon R5 Purchase,Posted on the 12th,yes,35,100,4,2,Expense,1,,,
730,2025-01-01,143.61,,The Hartford Insurance,"",Yes,2,133,8,1,Expense,1,4,,
729,2025-01-01,50.00,,Starlink,"",Yes,11,133,67,1,Expense,1,3,,
731,2025-01-08,9.00,,Heroku,"",Yes,4,133,14,34,Expense,1,,,
732,2025-01-08,6.00,,AWS - Database,"",Yes,4,133,14,34,Expense,1,6,,
728,2025-01-18,44.24,,Verizon iPad,"",Yes,35,133,3,1,Expense,1,,,
727,2025-01-18,60.45,,Verizon Cellular,"",Yes,11,133,29,1,Expense,1,,,
103,2025-03-10,28.78,250101,Gainesville Gas,receipts/Scanned_Document.pdf,Yes,69,1,27,3,Expense,1,,,rental_car
100,2025-04-01,868.00,250103,Pomona I Hotel Receipt,receipts/Pomona_Hotel.pdf,Yes,69,3,25,3,Expense,1,,,
104,2025-04-14,533.30,250104,Vegas I Hotel,receipts/Vegas_I_Hotel.pdf,Yes,69,5,25,3,Expense,1,,,
37,2025-04-24,54.39,250105,Charlotte I Gas,"",Yes,69,6,27,3,Expense,1,,,personal_vehicle
68,2025-04-24,3250.00,250102,Phoenix Invoice,"",Yes,7,2,19,3,Income,1,,,
35,2025-04-24,19.72,250105,Charlotte I Meals,"",Yes,69,6,26,3,Expense,1,,,
67,2025-04-24,3250.00,250101,Gainesville Invoice,"",Yes,7,1,19,3,Income,1,,,
38,2025-04-28,105.84,250105,"Charlotte I Hotel Beckley, WV","",Yes,69,6,25,3,Expense,1,,,
40,2025-04-29,68.71,250105,Charlotte I Gas,"",Yes,69,6,27,3,Expense,1,,,personal_vehicle
331,2023-10-26,40.07,23002,"","",yes,69,34,26,3,Expense,1,,,
416,2024-03-22,10.72,240016,Pomona I,Blaze CC,yes,69,3,26,3,Expense,1,,,
739,2025-01-02,2.55,,Google Suite,"",Yes,4,133,12,34,Expense,1,13,,
735,2025-01-21,32.09,,Adobe CC,"",Yes,4,133,12,2,Expense,1,,,
136,2023-02-01,109.99,23002,FirstNet,"",yes,11,100,29,1,Expense,1,,,
152,2023-03-01,176.84,23002,The Hartford,"",yes,2,100,8,1,Expense,1,,,
150,2023-03-01,109.99,23002,FirstNet,"",yes,11,100,29,1,Expense,1,,,
147,2023-03-01,29.00,23002,Udemy,"",yes,8,100,21,1,Expense,1,,,
159,2023-03-29,49.00,23002,Coursera,None,yes,8,100,21,4,Expense,1,,,
170,2023-04-01,128.00,23002,Leaseville,"",yes,35,100,5,1,Expense,1,,,
171,2023-04-01,176.84,23002,The Hartford,"",yes,2,100,8,1,Expense,1,,,
166,2023-04-01,29.00,23002,Udemy,"",yes,8,100,21,1,Expense,1,,,
169,2023-04-01,109.99,23002,FirstNet,"",yes,11,100,29,1,Expense,1,,,
178,2023-04-29,49.00,23002,Coursera,None,yes,8,100,21,4,Expense,1,,,
180,2023-05-01,74.40,23002,Cell Phone,"",yes,35,100,3,1,Expense,1,,,
189,2023-05-01,176.84,23002,The Hartford,"",yes,2,100,8,1,Expense,1,,,
187,2023-05-01,109.99,23002,FirstNet,"",yes,11,100,29,1,Expense,1,,,
200,2023-06-01,74.40,23002,Cell Phone,"",yes,35,100,3,1,Expense,1,,,
225,2023-06-29,49.00,23002,Coursera,None,yes,8,100,21,4,Expense,1,,,
226,2023-06-30,32.00,23002,Denver,None,yes,69,35,24,3,Expense,1,,,
227,2023-06-30,127.00,23002,Checked Bag,None,yes,69,35,24,3,Expense,1,,,
238,2023-07-01,128.00,23002,Leaseville,"",yes,35,100,5,1,Expense,1,,,
247,2023-07-26,132.00,23002,"",None,yes,69,14,24,3,Expense,1,,,
248,2023-07-26,52.68,23002,"",None,yes,69,14,24,3,Expense,1,,,
252,2023-07-29,49.00,23002,Coursera,None,yes,8,100,21,4,Expense,1,,,
268,2023-08-01,128.00,23002,Leaseville,"",yes,35,100,5,1,Expense,1,,,
276,2023-08-24,82.18,23002,Samsung - Monitor,None,yes,35,100,5,1,Expense,1,,,
282,2023-09-01,74.40,23002,Cell Phone,"",yes,35,100,3,1,Expense,1,,,
345,2023-11-01,128.00,23002,Leaseville,"",yes,35,100,5,1,Expense,1,,,
337,2023-11-01,74.40,23002,Cell Phone,"",yes,35,100,3,1,Expense,1,,,
375,2023-12-24,82.18,23002,Samsung - Monitor,None,yes,35,100,5,1,Expense,1,,,
399,2024-02-15,74.40,240999,Cell Phone,"",yes,35,100,3,1,Expense,1,,,
724,2024-03-14,85.79,240015,Gainesville Gas,"",Yes,69,1,27,3,Expense,1,,,
424,2024-04-10,74.40,240999,Cell Phone,"",yes,35,100,3,1,Expense,1,,,
726,2024-04-18,61.87,240019,Vegas I Gas,"",Yes,69,5,27,3,Expense,1,,,
725,2024-05-08,29.99,240018,Phoenix Gas,"",Yes,69,2,27,3,Expense,1,,,
462,2024-05-13,99.38,240999,iPad,"",yes,35,100,5,1,Expense,1,,,
473,2024-05-16,239.00,240999,DJI Care Refresh for Mavic 3 Pro,PNC Debit Card,yes,35,100,1,3,Expense,1,,,
482,2024-05-30,230.54,240999,DJI RC Pro Controller,Chase Business Card,yes,35,100,1,3,Expense,1,,,
516,2024-06-27,36.94,240042,NHRA Virginia,Captial One - Red,yes,69,11,27,3,Expense,1,,,
518,2024-07-01,99.38,240999,iPad,PNC Debit,yes,35,100,5,1,Expense,1,,,
547,2024-09-09,38.89,240052,Indy Gas,Venture Card,yes,69,16,27,3,Expense,1,,,
549,2024-09-15,58.72,240053,Reading,Rose Card,yes,69,17,27,3,Expense,1,,,
550,2024-09-16,37.56,250053,NHRA Reading,Venture Card,yes,69,17,27,3,Expense,1,,,
551,2024-09-19,29.75,250043,Reading,Chase Business,yes,69,17,27,3,Expense,1,,,
605,2024-11-22,82.18,September,Samsung Monitor - Affirm,Posted on the 24th,yes,35,100,5,4,Expense,1,,,
638,2024-11-22,128.00,October,Computer Speakers/Lights,Posted on the 11th & 13th,yes,35,100,5,1,Expense,1,,,
626,2024-11-22,99.38,September,FirstNet iPad Purchase,Posted on the 18th,yes,35,100,3,1,Expense,1,,,
641,2024-11-26,1323.76,249999,Canon EOS R5,Chase Business Debit,yes,35,100,4,2,Expense,1,,,
737,2025-01-02,9.00,,PaymentTech,"",Yes,4,133,11,1,Expense,1,11,,
738,2025-01-30,15.00,,Chase Bank Fee,"",Yes,4,133,11,1,Expense,1,12,,
826,2025-06-08,489.99,250108,Bristol Hotel,receipts/250108_Bristol_Hotel.pdf,Yes,69,10,25,3,Expense,1,,,
217,2023-06-26,7.14,23002,"",None,yes,69,12,26,3,Expense,1,,,
250,2023-07-27,23.58,23002,"",None,yes,69,14,26,3,Expense,1,,,
206,2023-06-01,17.00,23002,Heroku,"",yes,8,100,14,1,Expense,1,,,
210,2023-06-14,17.00,23002,Website - Heroku,None,yes,8,100,14,4,Expense,1,,,
752,2025-02-02,2.55,,Google Suite,"",Yes,4,133,12,34,Expense,1,13,,
747,2025-02-06,9.99,,Apple iCloud,"",Yes,4,133,12,34,Expense,1,8,,
746,2025-02-07,13.38,,Microsoft 365,"",Yes,4,133,12,34,Expense,1,7,,
117,2023-01-01,74.40,23002,Cell Phone,"",yes,35,100,3,1,Expense,1,,,
161,2023-04-01,99.38,23002,iPad,"",yes,35,100,5,1,Expense,1,,,
218,2023-04-20,1500.00,230011,Gainesville Invoice,None,yes,7,1,19,3,Income,1,,,
188,2023-05-01,128.00,23002,Leaseville,"",yes,35,100,5,1,Expense,1,,,
195,2023-05-29,49.00,23002,Coursera,None,yes,8,100,21,4,Expense,1,,,
198,2023-05-30,156.00,23002,Aviation Insurance,None,yes,2,100,7,3,Expense,1,,,
197,2023-05-30,144.86,23002,The Hartford Insurance,None,yes,2,100,8,1,Expense,1,,,
204,2023-06-01,29.00,23002,Udemy,"",yes,8,100,21,1,Expense,1,,,
207,2023-06-01,109.99,23002,FirstNet,"",yes,11,100,29,1,Expense,1,,,
216,2023-06-26,4.75,23002,"Norwalk, Toll",None,yes,69,12,28,3,Expense,1,,,
219,2023-06-26,248.00,23002,Aviation Insurance,None,yes,2,12,7,3,Expense,1,,,
228,2023-06-30,295.26,23002,The Hartford Insurance,None,yes,2,100,8,1,Expense,1,,,
235,2023-07-01,82.08,23002,Samsung,"",yes,35,100,5,1,Expense,1,,,
237,2023-07-01,109.99,23002,FirstNet,"",yes,11,100,29,1,Expense,1,,,
239,2023-07-01,176.84,23002,The Hartford,"",yes,2,100,8,1,Expense,1,,,
234,2023-07-01,29.00,23002,Udemy,"",yes,8,100,21,1,Expense,1,,,
254,2023-07-30,156.00,23002,Aviation Insurance,None,yes,2,100,7,3,Expense,1,,,
253,2023-07-30,144.86,23002,The Hartford Insurance,None,yes,2,100,8,1,Expense,1,,,
269,2023-08-01,176.84,23002,The Hartford,"",yes,2,100,8,1,Expense,1,,,
267,2023-08-01,109.99,23002,FirstNet,"",yes,11,100,29,1,Expense,1,,,
264,2023-08-01,29.00,23002,Udemy,"",yes,8,100,21,1,Expense,1,,,
278,2023-08-29,49.00,23002,Coursera,None,yes,8,100,21,4,Expense,1,,,
221,2023-09-01,1500.00,230017,Seattle Invoice,"",yes,7,13,19,3,Income,1,,,
286,2023-09-01,29.00,23002,Udemy,"",yes,8,100,21,1,Expense,1,,,
296,2023-09-13,30.00,23002,Reading,None,yes,69,17,24,3,Expense,1,,,
306,2023-09-26,128.00,23002,Leaseville,None,yes,35,100,5,1,Expense,1,,,
307,2023-09-29,49.00,23002,Coursera,None,yes,8,100,21,4,Expense,1,,,
309,2023-09-30,156.00,23002,Aviation Insurance,None,yes,2,100,7,3,Expense,1,,,
315,2023-10-01,29.00,23002,Udemy,"",yes,8,100,21,1,Expense,1,,,
311,2023-10-01,74.40,23002,Cell Phone,"",yes,35,100,3,1,Expense,1,,,
329,2023-10-24,82.18,23002,Samsung - Monitor,None,yes,35,100,5,1,Expense,1,,,
256,2023-10-27,1624.00,230022,Charlotte II Invoice,"",yes,7,7,19,3,Income,1,,,
255,2023-11-10,1559.26,230023,St Louis Invoice,"",yes,7,19,19,3,Income,1,,,
794,2023-12-20,1598.06,230026,Pomona II Invoice,"",Yes,7,4,19,3,Income,1,,,
376,2023-12-26,128.00,23002,Leaseville,None,yes,35,100,5,1,Expense,1,,,
401,2024-02-24,82.18,240999,Samsung - Monitor,None,yes,35,100,5,1,Expense,1,,,
630,2024-11-22,99.38,October,FirstNet iPad Purchase,Posted on the 18th,yes,35,100,3,1,Expense,1,,,
743,2025-02-01,143.61,,The Hartford Insurance,"",Yes,2,133,8,1,Expense,1,4,,
742,2025-02-01,50.00,,Starlink,"",Yes,11,133,67,1,Expense,1,3,,
750,2025-02-02,9.00,,PaymentTech,"",Yes,4,133,11,1,Expense,1,11,,
744,2025-02-08,9.00,,Heroku,"",Yes,4,133,14,34,Expense,1,,,
741,2025-02-18,44.24,,Verizon iPad,"",Yes,35,133,3,1,Expense,1,,,
740,2025-02-18,60.45,,Verizon Cellular,"",Yes,11,133,29,1,Expense,1,,,
751,2025-02-28,15.00,,Chase Bank Fee,"",Yes,4,133,11,1,Expense,1,12,,
755,2025-03-01,50.00,,Starlink,"",Yes,11,133,67,1,Expense,1,3,,
757,2025-03-08,9.00,,Heroku,"",Yes,4,133,14,34,Expense,1,,,
753,2025-03-18,60.45,,Verizon Cellular,"",Yes,11,133,29,1,Expense,1,,,
754,2025-03-18,44.24,,Verizon iPad,"",Yes,35,133,3,1,Expense,1,,,
330,2023-10-26,17.32,23002,"","",yes,69,34,26,3,Expense,1,,,
765,2025-03-02,2.55,,Google Suite,"",Yes,4,133,12,34,Expense,1,13,,
760,2025-03-06,9.99,,Apple iCloud,"",Yes,4,133,12,34,Expense,1,8,,
806,2025-05-17,15.85,250106,Chicago Meals,"",Yes,69,8,26,3,Expense,1,,,
295,2023-09-01,250.00,230017,Drone Purchase,"",yes,35,67,1,3,Expense,1,,,
326,2023-05-15,1500.00,230014,Vegas Invoice,"",yes,7,5,19,3,Income,1,,,
349,2023-05-15,1500.00,230012,NHRA Invoice for Phoenix,"",yes,7,2,19,3,Income,1,,,
348,2023-05-15,250.00,230012,Drone Purchase,"",yes,35,2,1,3,Expense,1,,,
196,2023-05-29,72.39,23002,Amazon Order-DJI Controller,None,yes,35,100,1,3,Expense,1,,,
213,2023-06-18,187.82,23002,Amazon order -Tent,None,yes,35,100,2,3,Expense,1,,,
240,2023-07-07,35.36,23002,DJI Mini 3 Pro Batteries,None,yes,35,100,1,3,Expense,1,,,
249,2023-07-26,128.00,23002,Leaseville,None,yes,35,100,5,1,Expense,1,,,
259,2023-08-01,99.38,23002,iPad,"",yes,35,100,5,1,Expense,1,,,
305,2023-08-15,250.00,230015,Drone Purchase,"",yes,35,12,1,3,Expense,1,,,
304,2023-08-25,1500.00,230016,Denver Invoice,"",yes,7,35,19,3,Income,1,,,
279,2023-08-30,144.86,23002,The Hartford Insurance,None,yes,2,100,8,1,Expense,1,,,
280,2023-08-30,156.00,23002,Aviation Insurance,None,yes,2,100,7,3,Expense,1,,,
291,2023-09-01,176.84,23002,The Hartford,"",yes,2,100,8,1,Expense,1,,,
281,2023-09-01,99.38,23002,iPad,"",yes,35,100,5,1,Expense,1,,,
300,2023-09-05,1548.08,230018,Sonoma Invoice,"",yes,7,14,19,3,Income,1,,,
292,2023-09-25,1560.19,230019,Brainerd Invoice,"",yes,7,15,19,3,Income,1,,,
258,2023-09-25,250.00,230019,Drone Purchase,"",yes,35,15,1,3,Expense,1,,,
310,2023-10-01,99.38,23002,iPad,"",yes,35,100,5,1,Expense,1,,,
318,2023-10-01,109.99,23002,FirstNet,"",yes,11,100,29,1,Expense,1,,,
293,2023-10-15,1500.00,230020,Indy Invoice,"",yes,7,16,19,3,Income,1,,,
333,2023-10-29,49.00,23002,Coursera,None,yes,8,100,21,4,Expense,1,,,
274,2023-10-30,1500.00,230021,Reading Invoice,"",yes,7,17,19,3,Income,1,,,
257,2023-10-30,250.00,230021,Drone Purchase,"",yes,35,17,1,3,Expense,1,,,
334,2023-10-30,144.86,23002,The Hartford Insurance,None,yes,2,100,8,1,Expense,1,,,
341,2023-11-01,29.00,23002,Udemy,"",yes,8,100,21,1,Expense,1,,,
346,2023-11-01,176.84,23002,The Hartford,"",yes,2,100,8,1,Expense,1,,,
370,2023-12-01,176.84,23002,The Hartford,"",yes,2,100,8,1,Expense,1,,,
366,2023-12-01,82.08,23002,Samsung,"",yes,35,100,5,1,Expense,1,,,
365,2023-12-01,29.00,23002,Udemy,"",yes,8,100,21,1,Expense,1,,,
377,2023-12-29,49.00,23002,Coursera,None,yes,8,100,21,4,Expense,1,,,
379,2023-12-30,156.00,23002,Aviation Insurance,None,yes,2,100,7,3,Expense,1,,,
378,2023-12-30,144.86,23002,The Hartford Insurance,None,yes,2,100,8,1,Expense,1,,,
398,2024-02-15,99.38,240999,iPad,"",yes,35,100,5,1,Expense,1,,,
397,2024-02-15,74.40,240999,Cell Phone,"",yes,35,100,3,1,Expense,1,,,
468,2024-05-13,82.08,240999,Samsung,"",yes,35,100,5,1,Expense,1,,,
489,2024-06-01,82.08,240999,Samsung,PNC Debit,yes,35,100,5,1,Expense,1,,,
561,2024-09-30,267.49,249999,OWC Enclosure 2,B & H,yes,35,100,3,1,Expense,1,,,
635,2024-11-22,128.00,July,Computer Speakers/Lights,Posted on the 11th & 13th,yes,35,100,5,1,Expense,1,,,
622,2024-11-22,99.38,August,FirstNet iPad Purchase,Posted on the 18th,yes,35,100,3,1,Expense,1,,,
632,2024-11-22,284.20,August,Affirm - Canon R5 Purchase,Posted on the 12th,yes,35,100,4,2,Expense,1,,,
634,2024-11-22,284.20,October,Affirm - Canon R5 Purchase,Posted on the 12th,yes,35,100,4,2,Expense,1,,,
642,2024-11-26,763.47,249999,Samsung Monitor,Chase Business Debit,yes,35,100,5,1,Expense,1,,,
677,2025-02-06,99.38,Monthly,Verizon iPad,Posted on the 7th,yes,35,100,3,1,Expense,1,,,
756,2025-03-01,143.61,,The Hartford Insurance,"",Yes,2,133,8,1,Expense,1,4,,
763,2025-03-02,9.00,,PaymentTech,"",Yes,4,133,11,1,Expense,1,11,,
764,2025-03-30,15.00,,Chase Bank Fee,"",Yes,4,133,11,1,Expense,1,12,,
767,2025-04-18,44.24,,Verizon iPad,"",Yes,35,133,3,1,Expense,1,,,
766,2025-04-18,60.45,,Verizon Cellular,"",Yes,11,133,29,1,Expense,1,,,
105,2025-04-28,19.93,250105,Charlotte Meal,receipts/250105_Charlotte_I_Meals_b.pdf,Yes,69,6,26,3,Expense,1,,,
795,2023-09-05,48.08,230018,Sonoma Gas,"",Yes,69,14,27,3,Expense,1,,,
774,2025-04-21,32.09,,Adobe CC,"",Yes,4,133,12,2,Expense,1,,,
134,2023-02-01,82.08,23002,Samsung,"",yes,35,100,5,1,Expense,1,,,
151,2023-03-01,128.00,23002,Leaseville,"",yes,35,100,5,1,Expense,1,,,
167,2023-04-01,82.08,23002,Samsung,"",yes,35,100,5,1,Expense,1,,,
352,2023-04-20,250.00,230011,Drone Purchase,None,yes,35,1,1,3,Expense,1,,,
327,2023-05-15,250.00,230013,Drone Purchase,"",yes,35,3,1,3,Expense,1,,,
322,2023-05-15,250.00,230014,Drone Purchase,"",yes,35,5,1,3,Expense,1,,,
205,2023-06-01,82.08,23002,Samsung,"",yes,35,100,5,1,Expense,1,,,
220,2023-06-26,128.00,23002,Leaseville,None,yes,35,100,5,1,Expense,1,,,
265,2023-08-01,82.08,23002,Samsung,"",yes,35,100,5,1,Expense,1,,,
277,2023-08-26,128.00,23002,Leaseville,None,yes,35,100,5,1,Expense,1,,,
290,2023-09-01,128.00,23002,Leaseville,"",yes,35,100,5,1,Expense,1,,,
287,2023-09-01,82.08,23002,Samsung,"",yes,35,100,5,1,Expense,1,,,
320,2023-10-01,176.84,23002,The Hartford,"",yes,2,100,8,1,Expense,1,,,
681,2023-10-02,82.08,23002,Samsung,"",yes,35,100,5,1,Expense,1,,,
335,2023-10-30,156.00,23002,Aviation Insurance,None,yes,2,100,7,3,Expense,1,,,
344,2023-11-01,109.99,23002,FirstNet,"",yes,11,100,29,1,Expense,1,,,
342,2023-11-01,82.08,23002,Samsung,"",yes,35,100,5,1,Expense,1,,,
223,2023-11-10,250.00,230023,Drone Purchase,"",yes,35,19,1,3,Expense,1,,,
351,2023-11-14,13.38,23002,Office 365,None,yes,4,100,12,1,Expense,1,,,
356,2023-11-26,128.00,23002,Leaseville,None,yes,35,100,5,1,Expense,1,,,
359,2023-11-30,156.00,23002,Aviation Insurance,None,yes,2,100,7,3,Expense,1,,,
368,2023-12-01,109.99,23002,FirstNet,"",yes,11,100,29,1,Expense,1,,,
361,2023-12-01,74.40,23002,Cell Phone,"",yes,35,100,3,1,Expense,1,,,
383,2024-01-12,42.79,240999,LinkedIn,None,yes,3,100,22,1,Expense,1,,,
388,2024-01-30,144.86,240999,The Hartford Insurance,None,yes,2,100,8,1,Expense,1,,,
387,2024-01-30,49.00,240999,Coursera,None,yes,8,100,21,1,Expense,1,,,
390,2024-02-05,5.00,240999,FAA Drone Registration,None,yes,3,100,36,3,Expense,1,,,
391,2024-02-09,128.00,240999,Leaseville,None,yes,35,100,5,1,Expense,1,,,
394,2024-02-12,42.79,240999,LinkedIn,None,yes,3,100,22,1,Expense,1,,,
402,2024-02-28,49.00,240999,Coursera,None,yes,8,100,21,1,Expense,1,,,
403,2024-02-28,144.86,240999,The Hartford Insurance,None,yes,2,100,8,1,Expense,1,,,
404,2024-03-07,400.00,240999,DRE Portraits,PNC Deposit,yes,7,100,20,2,Income,1,,,
405,2024-03-21,30.00,240016,Pomona I,"",yes,69,3,24,3,Expense,1,,,
410,2024-03-21,29.00,240999,Udemy,"",yes,8,100,21,1,Expense,1,,,
413,2024-03-21,109.99,240999,FirstNet,"",yes,11,100,29,1,Expense,1,,,
417,2024-03-22,49.78,240016,Pomona I,/Volumes/Business/TSP/_Financial/2024/Invoices/240016_NHRA.pdf,yes,69,3,27,3,Expense,1,,,
421,2024-04-08,27.99,240018,Phoenix,/volumes/TSP/_FINANCIAL/2024/Receipts/PHX_Gas.jpeg,yes,69,2,27,3,Expense,1,,,
433,2024-04-10,143.61,240999,The Hartford,"",yes,2,100,8,1,Expense,1,,,
431,2024-04-10,109.99,240999,FirstNet,"",yes,11,100,29,1,Expense,1,,,
428,2024-04-10,29.00,240999,Udemy,"",yes,8,100,21,1,Expense,1,,,
434,2024-04-14,61.87,240019,Vegas I,Capital One CC,yes,69,5,27,3,Expense,1,,,
443,2024-04-23,1299.78,240016,Pomona I,"",yes,7,3,19,3,Income,1,,,
471,2024-05-13,128.00,240999,Leaseville,"",yes,35,100,5,1,Expense,1,,,
467,2024-05-13,29.00,240999,Udemy,"",yes,8,100,21,1,Expense,1,,,
484,2024-06-01,74.40,240999,Cell Phone,PNC Debit,yes,35,100,3,1,Expense,1,,,
494,2024-06-03,199.00,249999,Canon 16mm Lens,B & H,yes,35,100,4,2,Expense,1,,,
524,2024-07-01,82.08,240999,Samsung,PNC Debit,yes,35,100,5,1,Expense,1,,,
631,2024-11-22,284.20,July,Affirm - Canon R5 Purchase,Posted on the 12th,yes,35,100,4,2,Expense,1,,,
636,2024-11-22,128.00,August,Computer Speakers/Lights,Posted on the 11th & 13th,yes,35,100,5,1,Expense,1,,,
604,2024-11-22,82.18,August,Samsung Monitor - Affirm,Posted on the 24th,yes,35,100,5,4,Expense,1,,,
770,2025-04-08,9.00,,Heroku,"",Yes,4,133,14,34,Expense,1,,,
780,2025-05-18,44.24,,Verizon iPad,"",Yes,35,133,3,1,Expense,1,,,
418,2024-03-23,13.20,240016,Pomona I,Blaze CC,yes,69,3,26,3,Expense,1,,,
447,2024-04-30,251.03,240025,Charlotte I Car,Blaze CC,yes,69,6,23,3,Expense,1,,,
499,2024-06-12,251.03,240039,NHRA Bristol,Capital One - Red,yes,69,10,23,3,Expense,1,,,
778,2025-04-02,2.55,,Google Suite,"",Yes,4,133,12,34,Expense,1,13,,
773,2025-04-06,9.99,,Apple iCloud,"",Yes,4,133,12,34,Expense,1,8,,
772,2025-04-07,13.38,,Microsoft 365,"",Yes,4,133,12,34,Expense,1,7,,
194,2023-05-26,128.00,23002,Leaseville,None,yes,35,100,5,1,Expense,1,,,
199,2023-06-01,99.38,23002,iPad,"",yes,35,100,5,1,Expense,1,,,
332,2023-10-26,128.00,23002,Leaseville,None,yes,35,100,5,1,Expense,1,,,
360,2023-12-01,99.38,23002,iPad,"",yes,35,100,5,1,Expense,1,,,
369,2023-12-01,128.00,23002,Leaseville,"",yes,35,100,5,1,Expense,1,,,
414,2024-03-21,128.00,240999,Leaseville,"",yes,35,100,5,1,Expense,1,,,
441,2024-04-18,500.00,240020,Wedding Deposit - Drinkwater,Stripe Payment,yes,7,100,20,2,Income,1,,,
446,2024-04-29,18.94,240025,Charlotte I Gas,Blaze CC,yes,69,6,27,3,Expense,1,,,
445,2024-04-29,11.42,240025,Charlotte I Gas,Blaze CC,yes,69,6,27,3,Expense,1,,,
452,2024-05-06,13.99,240049,Sonoma Air,PNC Debit,yes,69,14,24,3,Expense,1,,,
451,2024-05-06,17.99,240049,Sonoma Air,PNC Debit,yes,69,14,24,3,Expense,1,,,
450,2024-05-06,248.60,240049,Sonoma Air,PNC Debit,yes,69,14,24,3,Expense,1,,,
459,2024-05-09,175.00,240027,Senior Portraits - Langemeier,file:///Volumes/Business/TSP/_FINANCIAL/2024/Invoices/240027_Jacob_Langemeier.pdf,yes,7,100,20,2,Income,1,,,
457,2024-05-09,143.61,240999,The Hartford,"",yes,2,100,8,1,Expense,1,,,
460,2024-05-09,1277.99,240018,Phoenix,Deposited to PNC,yes,7,2,19,3,Income,1,,,
461,2024-05-10,397.00,240999,Drone Launch Academy,PNC Debit Card,yes,8,100,21,3,Expense,1,,,
463,2024-05-13,74.40,240999,Cell Phone,"",yes,35,100,3,1,Expense,1,,,
470,2024-05-13,109.99,240999,FirstNet,"",yes,11,100,29,1,Expense,1,,,
472,2024-05-14,1311.87,240019,Vegas I,PNC Deposit,yes,7,5,19,3,Income,1,,,
474,2024-05-16,5.00,240999,Drone Registration,PNC Debit,yes,3,100,36,3,Expense,1,,,
476,2024-05-16,40.05,240033,240033,/Volumes/Business/TSP/_FINANCIAL/2024/Receipts/240031_gas_2.pdf,yes,69,8,27,3,Expense,1,,,
478,2024-05-20,338.35,240033,Chicago - Mileage (505 @ .67),None,yes,69,8,28,3,Expense,1,,,
480,2024-05-20,575.36,240033,240033,/volumes/TSP/_FINANCIAL/2024/Receipts/240031_NHRA_Chicago_Hotel.pdf,yes,69,8,25,3,Expense,1,,,
493,2024-06-01,143.61,240999,The Hartford,Chase Debit,yes,2,100,8,1,Expense,1,,,
491,2024-06-01,109.99,240999,FirstNet,PNC Debit,yes,11,100,29,1,Expense,1,,,
488,2024-06-01,29.00,240999,Udemy,PNC Debit,yes,8,100,21,1,Expense,1,,,
495,2024-06-05,2750.00,240033,Chicago,PNC Deposit,yes,7,8,19,3,Income,1,,,
502,2024-06-18,2750.00,240025,Charlotte I,PNC Deposit,yes,7,6,19,3,Income,1,,,
504,2024-06-20,108.66,240042,Richmond,Fortiva CC,yes,69,11,25,3,Expense,1,,,
505,2024-06-21,51.75,240042,Travel: Gas,Chase Business Card,yes,69,11,27,3,Expense,1,,,
508,2024-06-24,507.00,240042,NHRA Virginia,240042_hotel.pdf,yes,69,11,25,3,Expense,1,,,
535,2024-07-24,3000.00,240042,NHRA Virginia,Chase Business,yes,7,11,19,3,Income,1,,,
621,2024-11-22,74.40,August,FirstNet Cell Phone Purchase,Posted on the 18th,yes,35,100,3,1,Expense,1,,,
769,2025-04-01,143.61,,The Hartford Insurance,"",Yes,2,133,8,1,Expense,1,4,,
776,2025-04-02,9.00,,PaymentTech,"",Yes,4,133,11,1,Expense,1,11,,
777,2025-04-30,15.00,,Chase Bank Fee,"",Yes,4,133,11,1,Expense,1,12,,
781,2025-05-01,50.00,,Starlink,"",Yes,11,133,67,1,Expense,1,3,,
782,2025-05-01,143.61,,The Hartford Insurance,"",Yes,2,133,8,1,Expense,1,4,,
789,2025-05-02,9.00,,PaymentTech,"",Yes,4,133,11,1,Expense,1,11,,
783,2025-05-08,9.00,,Heroku,"",Yes,4,133,14,34,Expense,1,,,
790,2025-05-30,15.00,,"Chase Bank Fee, Chase Business account","",Yes,4,133,11,1,Expense,1,,,
420,2024-04-08,28.59,240018,Phoenix,/volumes/TSP/_FINANCIAL/2024/Receipts/PHX_Meal.jpeg,yes,69,2,26,3,Expense,1,,,
529,2024-07-01,200.82,240047,NHRA Norwalk,240047_Car.pdf,yes,69,12,23,3,Expense,1,,,
538,2024-07-30,366.84,240049,NHRA Sonoma,Capital One - Red,yes,69,14,23,3,Expense,1,,,
143,2023-03-01,74.40,23002,Cell Phone,"",yes,35,100,3,1,Expense,1,,,
148,2023-03-01,82.08,23002,Samsung,"",yes,35,100,5,1,Expense,1,,,
154,2023-03-10,284.56,23002,Gainsville,/Volumes/Business/TSP/_FINANCIAL/2023/2022_Receipts/Gainsville Hotel.pdf,yes,69,1,25,3,Expense,1,,,
185,2023-05-01,82.08,23002,Samsung,"",yes,35,100,5,1,Expense,1,,,
215,2023-06-24,82.18,23002,Samsung - Monitor,None,yes,35,100,5,1,Expense,1,,,
260,2023-08-01,74.40,23002,Cell Phone,"",yes,35,100,3,1,Expense,1,,,
294,2023-09-05,250.00,230018,Drone Purchase,"",yes,35,14,1,3,Expense,1,,,
314,2023-10-01,13.36,23002,Microsoft 365,"",yes,4,100,12,1,Expense,1,,,
319,2023-10-01,128.00,23002,Leaseville,"",yes,35,100,5,1,Expense,1,,,
106,2023-10-02,82.08,23002,Samsung,"",yes,35,100,5,1,Expense,1,,,
364,2023-12-01,13.36,23002,Microsoft 365,"",yes,4,100,12,1,Expense,1,,,
380,2024-01-09,128.00,240999,Leaseville,None,yes,35,100,5,1,Expense,1,,,
382,2024-01-12,9.99,240999,Apple iCloud,None,yes,4,100,12,1,Expense,1,,,
389,2024-02-05,5.00,240999,Gumroad Software,None,yes,4,100,12,1,Expense,1,,,
426,2024-04-10,9.99,240999,Apple iCloud,"",yes,4,100,12,1,Expense,1,,,
444,2024-04-26,56.10,240025,Charlotte I Gas,Capital One CC,yes,69,6,27,3,Expense,1,,,
497,2024-06-10,694.46,240039,Bristol Hotel,Blaze CC,yes,69,10,25,3,Expense,1,,,
498,2024-06-11,58.15,240026,Veteran Droners Gas,Chase Business Card,yes,69,67,27,3,Expense,1,,,
500,2024-06-12,135.99,240049,NHRA Sonoma,Capital One - Red,yes,69,14,24,3,Expense,1,,,
503,2024-06-20,325.00,240026,Veteran Droners - Crown Hill,Stripe Deposit,yes,7,100,19,3,Income,1,,,
510,2024-06-25,46.95,240047,Travel: Gas,Chase Business Card,yes,69,12,27,3,Expense,1,,,
511,2024-06-25,214.19,249999,Avata II Controller,B & H,yes,35,100,1,3,Expense,1,,,
512,2024-06-26,38.85,240047,Travel: Gas,Chase Business Card,yes,69,12,27,3,Expense,1,,,
515,2024-06-27,248.18,240051,Brainerd,Credit One Red,yes,69,12,24,3,Expense,1,,,
517,2024-06-30,410.22,240047,NHRA Norwalk,Fortiva,yes,69,12,25,3,Expense,1,,,
527,2024-07-01,40.75,240049,Sonoma,None,yes,69,14,24,3,Expense,1,,,
528,2024-07-01,146.31,240999,The Hartford,Chase Debit,yes,2,100,8,1,Expense,1,,,
526,2024-07-01,109.99,240999,FirstNet,PNC Debit,yes,11,100,29,1,Expense,1,,,
523,2024-07-01,29.00,240999,Udemy,PNC Debit,yes,8,100,21,1,Expense,1,,,
530,2024-07-05,3000.00,240039,Bristol Invoice,PNC Deposit,yes,7,10,19,3,Income,1,,,
531,2024-07-15,82.99,240049,NHRA Sonoma,PNC ,yes,69,14,24,3,Expense,1,,,
532,2024-07-18,-82.99,240049,NHRA Sonoma - Airfare credit for Seattle,PNC ,yes,69,14,24,3,Expense,1,,,
539,2024-07-31,1112.60,240049,NHRA Sonoma ,Capital One - 5,yes,69,14,25,3,Expense,1,,,
540,2024-08-01,15.20,240049,NHRA Sonoma - Tolls,Capital One - Red,yes,69,14,28,3,Expense,1,,,
541,2024-08-05,3000.00,240047,Norwalk Invoice,Chase Business,yes,7,12,19,3,Income,1,,,
544,2024-08-21,1161.00,240051,Brainerd Hotel,Chase Business,yes,69,15,25,3,Expense,1,,,
545,2024-08-30,3000.00,240049,Sonoma Invoice,Chase Deposit,yes,7,14,19,3,Income,1,,,
552,2024-09-20,3000.00,240051,Brainerd Invoice,Chase Business Dep.,yes,7,15,19,3,Income,1,,,
557,2024-09-26,166.92,240999,Luggage,Chase Business,yes,35,100,3,1,Expense,1,,,
562,2024-10-07,3000.00,240052,Indy invoice,Chase ACH,yes,7,16,19,3,Income,1,,,
567,2024-10-16,3000.00,240053,Reading Invoice,Chase Business Deposit,yes,7,17,19,3,Income,1,,,
572,2024-11-04,3000.00,240054,St Louis,Chase Business Deposit,yes,7,19,19,3,Income,1,,,
573,2024-11-14,3000.00,240056,Dallas Invoice,Chase Deposit,yes,7,20,19,3,Income,1,,,
582,2024-11-22,17.00,October,FirstNet Cellular Service,Posted on the 8th,yes,4,100,14,4,Expense,1,,,
583,2024-11-22,29.99,July,Udemy Training Subscription,Posted on the 7th,yes,8,100,21,1,Expense,1,,,
586,2024-11-22,29.99,October,Udemy Training Subscription,Posted on the 7th,yes,8,100,21,1,Expense,1,,,
584,2024-11-22,29.99,August,Udemy Training Subscription,Posted on the 7th,yes,8,100,21,1,Expense,1,,,
617,2024-11-22,74.40,July,FirstNet Cell Phone Purchase,Posted on the 18th,yes,35,100,3,1,Expense,1,,,
796,2023-09-25,60.19,230019,Brainerd Gas,"",Yes,69,15,27,3,Expense,1,,,
647,2024-12-10,17.00,Monthly,FirstNet Cellular Service,Posted on the 8th,yes,8,100,14,4,Expense,1,,,
645,2024-12-06,13.36,Monthly,Microsoft 365 Subscription,Posted on the 6th,yes,8,100,12,1,Expense,1,,,
646,2024-12-06,9.99,Monthly,Apple iCloud ,Posted on the 6th,yes,8,100,12,1,Expense,1,,,
649,2024-12-18,29.99,Monthly,Adobe CC Subscription,Posted on the 18th,yes,8,100,12,1,Expense,1,,,
650,2024-12-20,21.39,Monthly,Paddle.com Subscription,Posted on the 20th,yes,8,100,12,4,Expense,1,,,
124,2023-01-12,13.38,23002,Office 365,None,yes,4,100,12,1,Expense,1,,,
127,2023-01-20,9.99,23002,Apple iCloud,None,yes,4,100,12,1,Expense,1,,,
137,2023-02-01,128.00,23002,Leaseville,"",yes,35,100,5,1,Expense,1,,,
156,2023-03-14,13.38,23002,Office 365,None,yes,4,100,12,1,Expense,1,,,
176,2023-04-20,9.99,23002,Apple iCloud,None,yes,4,100,12,1,Expense,1,,,
177,2023-04-26,128.00,23002,Leaseville,None,yes,35,100,5,1,Expense,1,,,
192,2023-05-16,13.36,23002,Paddle.net,None,yes,4,100,12,4,Expense,1,,,
208,2023-06-01,128.00,23002,Leaseville,"",yes,35,100,5,1,Expense,1,,,
262,2023-08-01,9.99,23002,Apple iCloud,"",yes,4,100,12,1,Expense,1,,,
261,2023-08-01,29.99,23002,Adobe CC,"",yes,4,100,12,1,Expense,1,,,
271,2023-08-14,13.38,23002,Office 365,None,yes,4,100,12,1,Expense,1,,,
299,2023-09-16,13.36,23002,Paddle.net,None,yes,4,100,12,4,Expense,1,,,
316,2023-10-01,82.08,23002,Samsung,"",yes,35,100,5,1,Expense,1,,,
323,2023-10-14,17.00,23002,Website - Heroku,None,yes,4,100,14,4,Expense,1,,,
328,2023-10-20,9.99,23002,Apple iCloud,None,yes,4,100,12,1,Expense,1,,,
411,2024-03-21,82.08,240999,Samsung,"",yes,35,100,5,1,Expense,1,,,
408,2024-03-21,9.99,240999,Apple iCloud,"",yes,4,100,12,1,Expense,1,,,
432,2024-04-10,128.00,240999,Leaseville,"",yes,35,100,5,1,Expense,1,,,
429,2024-04-10,82.08,240999,Samsung,"",yes,35,100,5,1,Expense,1,,,
453,2024-05-06,68.00,,Minnesota gas,PNC Debit,yes,69,67,24,3,Expense,1,,,
490,2024-06-01,17.00,240999,Heroku,PNC Debit,yes,4,100,14,1,Expense,1,,,
501,2024-06-13,230.54,240999,DJI RC Pro Controller,Chase Business Card,yes,35,100,1,3,Expense,1,,,
522,2024-07-01,13.36,240999,Microsoft 365,PNC Debit,yes,4,100,12,1,Expense,1,,,
555,2024-09-26,19.36,240054,St Louis,Roses Card,yes,69,19,27,3,Expense,1,,,
556,2024-09-26,445.05,240054,St Louis,Chase Debit,yes,69,19,25,3,Expense,1,,,
559,2024-09-29,33.31,240054,St Louis Gas,Venture Card,yes,69,19,27,3,Expense,1,,,
563,2024-10-08,581.38,240059,Pomona II Air,Rose & TC Card,yes,69,4,24,3,Expense,1,,,
564,2024-10-10,172.44,240058,Pomona II Airfare,Capital One - T,yes,69,4,24,3,Expense,1,,,
566,2024-10-14,650.58,240056,Dallas Hotel,Capital One - T,yes,69,20,25,3,Expense,1,,,
568,2024-10-22,23.97,240056,Dallas Tolls,Chase Business,yes,69,20,28,3,Expense,1,,,
570,2024-11-01,18.00,240057,Vegas II Parking,Venture Card,yes,69,21,28,3,Expense,1,,,
571,2024-11-03,277.36,240057,Vegas II Hotel,TC Cap1,yes,69,21,25,3,Expense,1,,,
577,2024-11-19,80.00,240058,Pomona II Checked Bags,Venture Card,yes,69,4,24,3,Expense,1,,,
576,2024-11-19,33.23,240058,Pomona II Gas,Venture Card,yes,69,4,27,3,Expense,1,,,
618,2024-11-22,99.38,July,FirstNet iPad Purchase,Posted on the 18th,yes,35,100,3,1,Expense,1,,,
607,2024-11-22,21.39,July,Paddle.com Subscription,Posted on the 20th,yes,4,100,12,4,Expense,1,,,
625,2024-11-22,74.40,September,FirstNet Cell Phone Purchase,Posted on the 18th,yes,35,100,3,1,Expense,1,,,
623,2024-11-22,109.00,September,FirstNet Cellular Service,Posted on the 18th,yes,11,100,29,1,Expense,1,,,
613,2024-11-22,144.29,September,Business Insurance,Posted on the 1st,yes,2,100,8,1,Expense,1,,,
589,2024-11-22,13.36,August,Microsoft 365 Subscription,Posted on the 6th,yes,4,100,12,1,Expense,1,,,
601,2024-11-22,9.00,September,Chase: PaymentTech,Posted on the 2nd,yes,4,100,11,1,Expense,1,,,
590,2024-11-22,9.99,August,Apple iCloud ,Posted on the 6th,yes,4,100,12,1,Expense,1,,,
615,2024-11-22,109.00,July,FirstNet Cellular Service,Posted on the 18th,yes,11,100,29,1,Expense,1,,,
655,2025-01-24,588.36,250001,Gainseville Flight,Venture Card,yes,69,1,24,3,Expense,1,,,
657,2025-01-25,99.38,Monthly,Verizon iPad,Posted on the 7th,yes,35,100,3,1,Expense,1,,,
797,2023-10-27,124.00,230022,Charlotte II Gas,"",Yes,69,7,27,3,Expense,1,,,
701,2025-03-25,433.67,250102,Phoenix Rental Car,"",Yes,69,2,23,3,Expense,1,,,
714,2025-04-02,393.54,250103,Pomona I Car Rental,receipts/Screenshot_2025-05-07_at_8.40.33PM.png,Yes,69,3,23,3,Expense,1,,,
666,2025-02-02,55.00,Monthly,FirstNet Cellular Service,Posted on the 8th,yes,8,100,14,4,Expense,1,,,
659,2025-01-25,9.99,Monthly,Apple iCloud ,Posted on the 6th,yes,8,100,12,1,Expense,1,,,
662,2025-01-25,21.39,Monthly,Paddle.com Subscription,Posted on the 20th,yes,8,100,12,4,Expense,1,,,
668,2025-02-02,13.36,Monthly,Microsoft 365 Subscription,Posted on the 6th,yes,8,100,12,1,Expense,1,,,
669,2025-02-02,9.99,Monthly,Apple iCloud ,Posted on the 6th,yes,8,100,12,1,Expense,1,,,
673,2025-02-02,29.99,Monthly,Adobe CC Subscription,Posted on the 18th,yes,8,100,12,1,Expense,1,,,
684,2022-03-08,1400.00,22001,Fatheadz Pay,Check to PNC,yes,7,34,19,3,Income,1,,,
120,2023-01-01,13.36,23002,Microsoft 365,"",yes,4,100,12,1,Expense,1,,,
202,2023-06-01,9.99,23002,Apple iCloud,"",yes,4,100,12,1,Expense,1,,,
214,2023-06-20,9.99,23002,Apple iCloud,None,yes,4,100,12,1,Expense,1,,,
700,2023-07-30,48.02,230017,Sonoma gas,"",Yes,69,14,27,3,Expense,1,,,
698,2023-09-24,124.00,230021,Charlotte Gas,"",Yes,69,7,27,3,Expense,1,,,
697,2023-10-02,59.25,230021,St Louis Gas,"",Yes,69,19,27,3,Expense,1,,,
696,2023-10-15,31.70,230023,Dallas Gas,"",Yes,69,20,27,3,Expense,1,,,
699,2023-10-18,60.19,230019,Reading gas,"",Yes,69,17,27,3,Expense,1,,,
338,2023-11-01,29.99,23002,Adobe CC,"",yes,4,100,12,1,Expense,1,,,
694,2023-11-12,48.06,230024,Pomona II Gas,"",Yes,69,4,27,3,Expense,1,,,
695,2023-12-01,31.70,230023,Vegas II gas,"",Yes,69,21,27,3,Expense,1,,,
525,2024-07-01,17.00,240999,Heroku,PNC Debit,yes,4,100,14,1,Expense,1,,,
627,2024-11-22,109.00,October,FirstNet Cellular Service,Posted on the 18th,yes,11,100,29,1,Expense,1,,,
614,2024-11-22,144.29,October,Business Insurance,Posted on the 1st,yes,2,100,8,1,Expense,1,,,
611,2024-11-22,144.29,July,Business Insurance,Posted on the 1st,yes,2,100,8,1,Expense,1,,,
619,2024-11-22,109.00,August,FirstNet Cellular Service,Posted on the 18th,yes,11,100,29,1,Expense,1,,,
612,2024-11-22,144.29,August,Business Insurance,Posted on the 1st,yes,2,100,8,1,Expense,1,,,
648,2024-12-10,144.29,Monthly,Business Insurance,Posted on the 1st,yes,2,100,8,1,Expense,1,,,
652,2024-12-30,15.00,Monthly,Chase: Account Fee,Posted on the 30th,yes,4,67,11,1,Expense,1,,,
653,2024-12-30,120.00,249999,Smugmug Annual Subscription,Chase Debit,yes,4,67,12,1,Expense,1,,,
802,2025-01-10,148.22,250103,Alaska Air flight to Pomona I,receipts/Screenshot_2025-05-15_at_6.28.08PM.png,Yes,69,3,24,3,Expense,1,,,
660,2025-01-25,15.00,Monthly,Chase: Account Fee,Posted on the 30th,yes,4,100,11,1,Expense,1,,,
663,2025-01-25,143.61,Monthly,Business Insurance,Posted on the 1st,yes,2,100,8,1,Expense,1,,,
667,2025-02-02,99.38,Monthly,Verizon iPad,Posted on the 7th,yes,35,100,3,1,Expense,1,,,
702,2025-02-04,113.58,250102,Phoenix Airfare,receipts/Screenshot_2025-05-07_at_8.09.37PM.png,Yes,69,2,24,3,Expense,1,,,
703,2025-02-04,401.97,250102,Phoenix Flights,receipts/Screenshot_2025-05-07_at_8.10.40PM.png,Yes,69,2,24,3,Expense,1,,,
679,2025-02-08,9.00,Monthly,Chase: PaymentTech,Posted on the 2nd,yes,4,100,11,1,Expense,1,,,
680,2025-02-09,15.00,Monthly,Chase: Account Fee,Posted on the 30th,yes,4,100,11,1,Expense,1,,,
705,2025-03-10,34.99,250101,Gainesville - Indy checked bag,receipts/Screenshot_2025-05-07_at_8.16.31PM.png,Yes,69,1,24,3,Expense,1,,,
707,2025-03-11,35.00,250101,Indy - Gainesville checked bag,receipts/Screenshot_2025-05-07_at_8.18.57PM.png,Yes,69,1,24,3,Expense,1,,,
710,2025-03-19,35.00,250102,Phoenix - Indy Checked bag,receipts/Screenshot_2025-05-07_at_8.22.54PM.png,Yes,69,2,24,3,Expense,1,,,
712,2025-03-26,69.92,250102,Phoenix Gas,receipts/Screenshot_2025-05-07_at_8.36.32PM.png,Yes,69,2,27,3,Expense,1,,,
713,2025-03-27,35.00,250102,Phoenix - Indy checked bag,receipts/Screenshot_2025-05-07_at_8.38.21PM.png,Yes,69,2,24,3,Expense,1,,,
717,2025-04-25,3250.00,250103,Pomona I Invoice,"",Yes,7,3,19,3,Income,1,,,
801,2025-05-15,777.97,250107,Epping airfare,receipts/Screenshot_2025-05-15_at_6.19.58PM.png,Yes,69,9,24,3,Expense,1,,,
720,2025-04-12,9.40,250104,Vegas I Meals,receipts/Screenshot_2025-05-07_at_8.49.52PM.png,Yes,69,5,26,3,Expense,1,,,
799,2023-11-20,31.70,230024,Dallas Gas,"",Yes,69,20,27,3,Expense,1,,,
144,2023-03-01,29.99,23002,Adobe CC,"",yes,4,100,12,1,Expense,1,,,
165,2023-04-01,13.36,23002,Microsoft 365,"",yes,4,100,12,1,Expense,1,,,
163,2023-04-01,29.99,23002,Adobe CC,"",yes,4,100,12,1,Expense,1,,,
174,2023-04-14,13.38,23002,Office 365,None,yes,4,100,12,1,Expense,1,,,
175,2023-04-16,13.36,23002,Paddle.net,None,yes,4,100,12,4,Expense,1,,,
181,2023-05-01,29.99,23002,Adobe CC,"",yes,4,100,12,1,Expense,1,,,
201,2023-06-01,29.99,23002,Adobe CC,"",yes,4,100,12,1,Expense,1,,,
231,2023-07-01,29.99,23002,Adobe CC,"",yes,4,100,12,1,Expense,1,,,
233,2023-07-01,13.36,23002,Microsoft 365,"",yes,4,100,12,1,Expense,1,,,
232,2023-07-01,9.99,23002,Apple iCloud,"",yes,4,100,12,1,Expense,1,,,
241,2023-07-13,32.16,23002,GoDaddy Domain Renewal,None,yes,4,100,12,34,Expense,1,,,
244,2023-07-16,13.36,23002,Paddle.net,None,yes,4,100,12,4,Expense,1,,,
245,2023-07-20,9.99,23002,Apple iCloud,None,yes,4,100,12,1,Expense,1,,,
283,2023-09-01,29.99,23002,Adobe CC,"",yes,4,100,12,1,Expense,1,,,
288,2023-09-01,17.00,23002,Heroku,"",yes,4,100,14,1,Expense,1,,,
285,2023-09-01,13.36,23002,Microsoft 365,"",yes,4,100,12,1,Expense,1,,,
298,2023-09-14,13.38,23002,Office 365,None,yes,4,100,12,1,Expense,1,,,
302,2023-09-20,9.99,23002,Apple iCloud,None,yes,4,100,12,1,Expense,1,,,
312,2023-10-01,29.99,23002,Adobe CC,"",yes,4,100,12,1,Expense,1,,,
324,2023-10-14,13.38,23002,Office 365,None,yes,4,100,12,1,Expense,1,,,
325,2023-10-16,13.36,23002,Paddle.net,None,yes,4,100,12,4,Expense,1,,,
343,2023-11-01,17.00,23002,Heroku,"",yes,4,100,14,1,Expense,1,,,
353,2023-11-16,13.36,23002,Paddle.net,None,yes,4,100,12,4,Expense,1,,,
363,2023-12-01,9.99,23002,Apple iCloud,"",yes,4,100,12,1,Expense,1,,,
362,2023-12-01,29.99,23002,Adobe CC,"",yes,4,100,12,1,Expense,1,,,
373,2023-12-16,13.36,23002,Paddle.net,None,yes,4,100,12,4,Expense,1,,,
393,2024-02-12,9.99,240999,Apple iCloud,None,yes,4,100,12,1,Expense,1,,,
400,2024-02-22,13.36,240999,Paddle.Net,None,yes,4,100,12,1,Expense,1,,,
407,2024-03-21,29.99,240999,Adobe CC,"",yes,4,100,12,1,Expense,1,,,
412,2024-03-21,17.00,240999,Heroku,"",yes,4,100,14,1,Expense,1,,,
409,2024-03-21,13.36,240999,Microsoft 365,"",yes,4,100,12,1,Expense,1,,,
430,2024-04-10,17.00,240999,Heroku,"",yes,4,100,14,1,Expense,1,,,
427,2024-04-10,13.36,240999,Microsoft 365,"",yes,4,100,12,1,Expense,1,,,
464,2024-05-13,29.99,240999,Adobe CC,"",yes,4,100,12,1,Expense,1,,,
466,2024-05-13,13.36,240999,Microsoft 365,"",yes,4,100,12,1,Expense,1,,,
521,2024-07-01,9.99,240999,Apple iCloud,PNC Debit,yes,4,100,12,1,Expense,1,,,
537,2024-07-29,142.46,240999,Avata 2 Case,Capital One CC,yes,35,100,1,3,Expense,1,,,
610,2024-11-22,21.39,October,Paddle.com Subscription,Posted on the 20th,yes,4,100,12,4,Expense,1,,,
592,2024-11-22,9.99,September,Apple iCloud ,Posted on the 6th,yes,4,100,12,1,Expense,1,,,
579,2024-11-22,17.00,July,FirstNet Cellular Service,Posted on the 8th,yes,4,100,14,4,Expense,1,,,
602,2024-11-22,9.00,October,Chase: PaymentTech,Posted on the 2nd,yes,4,100,11,1,Expense,1,,,
599,2024-11-22,9.00,July,Chase: PaymentTech,Posted on the 2nd,yes,4,100,11,1,Expense,1,,,
624,2024-11-22,29.99,September,Adobe CC Subscription,Posted on the 18th,yes,4,100,12,1,Expense,1,,,
620,2024-11-22,29.99,August,Adobe CC Subscription,Posted on the 18th,yes,4,100,12,1,Expense,1,,,
616,2024-11-22,29.99,July,Adobe CC Subscription,Posted on the 18th,yes,4,100,12,1,Expense,1,,,
598,2024-11-22,15.00,October,Chase: Account Fee,Posted on the 30th,yes,4,100,11,1,Expense,1,,,
596,2024-11-22,15.00,August,Chase: Account Fee,Posted on the 30th,yes,4,100,11,1,Expense,1,,,
581,2024-11-22,17.00,September,FirstNet Cellular Service,Posted on the 8th,yes,4,100,14,4,Expense,1,,,
639,2024-11-25,117.49,249999,24x100 Photo Paper Breathing Color,Chase,yes,4,100,13,2,Expense,1,,,
644,2024-12-02,9.00,Monthly,Chase: PaymentTech,Posted on the 2nd,yes,4,100,11,1,Expense,1,,,
654,2024-12-31,3000.00,240058,Pomona II Invoice,Chase Dep,yes,7,4,19,3,Income,1,,,
661,2025-01-25,9.00,Monthly,Chase: PaymentTech,Posted on the 2nd,yes,4,100,11,1,Expense,1,,,
722,2025-04-16,22.83,250104,Vegas I Gas,receipts/Screenshot_2025-05-07_at_8.53.10PM.png,Yes,69,5,27,3,Expense,1,,,
721,2025-04-17,223.40,250104,Vegas I Car Rental,receipts/Screenshot_2025-05-07_at_8.51.51PM.png,Yes,69,5,23,3,Expense,1,,,rental_car
800,2023-12-20,98.06,230026,Pomona II Gas,"",Yes,69,4,27,3,Expense,1,,,
674,2025-02-03,13.36,Monthly,Microsoft 365 Subscription,Posted on the 6th,yes,8,100,12,1,Expense,1,,,
458,2024-05-09,6.08,240027,Senior Portraits - Langemeier,"",yes,4,100,11,2,Expense,1,,,
126,2023-01-16,13.36,23002,Paddle.net,None,yes,4,100,12,4,Expense,1,,,
130,2023-02-01,29.99,23002,Adobe CC,"",yes,4,100,12,1,Expense,1,,,
139,2023-02-14,13.38,23002,Office 365,None,yes,4,100,12,1,Expense,1,,,
140,2023-02-16,13.36,23002,Paddle.net,None,yes,4,100,12,4,Expense,1,,,
141,2023-02-20,9.99,23002,Apple iCloud,None,yes,4,100,12,1,Expense,1,,,
157,2023-03-16,13.36,23002,Paddle.net,None,yes,4,100,12,4,Expense,1,,,
158,2023-03-20,9.99,23002,Apple iCloud,None,yes,4,100,12,1,Expense,1,,,
164,2023-04-01,9.99,23002,Apple iCloud,"",yes,4,100,12,1,Expense,1,,,
182,2023-05-01,9.99,23002,Apple iCloud,"",yes,4,100,12,1,Expense,1,,,
183,2023-05-01,13.36,23002,Microsoft 365,"",yes,4,100,12,1,Expense,1,,,
191,2023-05-14,13.38,23002,Office 365,None,yes,4,100,12,1,Expense,1,,,
193,2023-05-20,9.99,23002,Apple iCloud,None,yes,4,100,12,1,Expense,1,,,
203,2023-06-01,13.36,23002,Microsoft 365,"",yes,4,100,12,1,Expense,1,,,
211,2023-06-14,13.38,23002,Office 365,None,yes,4,100,12,1,Expense,1,,,
243,2023-07-14,13.38,23002,Office 365,None,yes,4,100,12,1,Expense,1,,,
301,2023-08-25,250.00,230016,Drone Purchase,"",yes,35,35,1,3,Expense,1,,,
284,2023-09-01,9.99,23002,Apple iCloud,"",yes,4,100,12,1,Expense,1,,,
317,2023-10-01,17.00,23002,Heroku,"",yes,4,100,14,1,Expense,1,,,
313,2023-10-01,9.99,23002,Apple iCloud,"",yes,4,100,12,1,Expense,1,,,
275,2023-10-15,250.00,230020,Drone Purchase,"",yes,35,16,1,3,Expense,1,,,
224,2023-10-27,250.00,230022,Drone Purchase,"",yes,35,7,1,3,Expense,1,,,
339,2023-11-01,9.99,23002,Apple iCloud,"",yes,4,100,12,1,Expense,1,,,
340,2023-11-01,13.36,23002,Microsoft 365,"",yes,4,100,12,1,Expense,1,,,
354,2023-11-20,9.99,23002,Apple iCloud,None,yes,4,100,12,1,Expense,1,,,
367,2023-12-01,17.00,23002,Heroku,"",yes,4,100,14,1,Expense,1,,,
371,2023-12-14,17.00,23002,Website - Heroku,None,yes,4,100,14,4,Expense,1,,,
374,2023-12-20,9.99,23002,Apple iCloud,None,yes,4,100,12,1,Expense,1,,,
381,2024-01-12,13.38,240999,Office 365,None,yes,4,100,12,1,Expense,1,,,
385,2024-01-22,13.36,240999,Paddle.Net,None,yes,4,100,12,1,Expense,1,,,
392,2024-02-12,13.38,240999,Office 365,None,yes,4,100,12,1,Expense,1,,,
425,2024-04-10,29.99,240999,Adobe CC,"",yes,4,100,12,1,Expense,1,,,
449,2024-05-04,54.00,240999,PS & LR Editing software,Email,yes,4,100,12,2,Expense,1,,,
469,2024-05-13,17.00,240999,Heroku,"",yes,4,100,14,1,Expense,1,,,
465,2024-05-13,9.99,240999,Apple iCloud,"",yes,4,100,12,1,Expense,1,,,
487,2024-06-01,13.36,240999,Microsoft 365,PNC Debit,yes,4,100,12,1,Expense,1,,,
486,2024-06-01,9.99,240999,Apple iCloud,PNC Debit,yes,4,100,12,1,Expense,1,,,
520,2024-07-01,29.99,240999,Adobe CC,PNC Debit,yes,4,100,12,1,Expense,1,,,
533,2024-07-19,35.16,240999,GoDaddy Domain Renewal,PNC Debit,yes,4,100,12,4,Expense,1,,,
534,2024-07-19,22.17,240999,GoDaddy Domain Renewal,PNC Debit,yes,4,100,12,4,Expense,1,,,
594,2024-11-22,9.99,October,Apple iCloud ,Posted on the 6th,yes,4,100,12,1,Expense,1,,,
609,2024-11-22,21.39,September,Paddle.com Subscription,Posted on the 20th,yes,4,100,12,4,Expense,1,,,
608,2024-11-22,21.39,August,Paddle.com Subscription,Posted on the 20th,yes,4,100,12,4,Expense,1,,,
600,2024-11-22,9.00,August,Chase: PaymentTech,Posted on the 2nd,yes,4,100,11,1,Expense,1,,,
595,2024-11-22,15.00,July,Chase: Account Fee,Posted on the 30th,yes,4,100,11,1,Expense,1,,,
588,2024-11-22,9.99,July,Apple iCloud ,Posted on the 6th,yes,4,100,12,1,Expense,1,,,
591,2024-11-22,13.36,September,Microsoft 365 Subscription,Posted on the 6th,yes,4,100,12,1,Expense,1,,,
593,2024-11-22,13.36,October,Microsoft 365 Subscription,Posted on the 6th,yes,4,100,12,1,Expense,1,,,
580,2024-11-22,17.00,August,FirstNet Cellular Service,Posted on the 8th,yes,4,100,14,4,Expense,1,,,
628,2024-11-22,29.99,October,Adobe CC Subscription,Posted on the 18th,yes,4,100,12,1,Expense,1,,,
651,2024-12-23,25.16,249999,Google Suite,Chase,yes,4,100,12,1,Expense,1,,,
803,2025-01-10,27.77,250103,"Flight insurance, Pomona I",receipts/Screenshot_2025-05-15_at_6.29.36PM.png,Yes,69,3,24,3,Expense,1,,,
671,2025-02-02,9.00,Monthly,Chase: PaymentTech,Posted on the 2nd,yes,4,100,11,1,Expense,1,,,
536,2024-07-26,7.76,240049,NHRA Sonoma,PNC Debit,yes,69,14,26,3,Expense,1,,,
456,2024-05-08,251.03,240999,unknown,Blaze CC,yes,69,14,23,3,Expense,1,,,
656,2025-01-25,17.00,Monthly,FirstNet Cellular Service,Posted on the 8th,yes,8,100,14,4,Expense,1,,,
736,2025-01-20,16.04,,Paddle.com,"",Yes,4,133,12,34,Expense,1,10,,
336,2023-11-01,99.38,23002,iPad,"",yes,35,100,5,1,Expense,1,,,
355,2023-11-24,82.18,23002,Samsung - Monitor,None,yes,35,100,5,1,Expense,1,,,
439,2024-04-16,74.85,240999,Camera Neck Strap - Roberts,/volumes/TSP/_FINANCIAL/2024/Receipts/camera_strap.pdf,yes,35,100,4,2,Expense,1,,,
492,2024-06-01,128.00,240999,Leaseville,PNC Debit,yes,35,100,5,1,Expense,1,,,
603,2024-11-22,82.18,July,Samsung Monitor - Affirm,Posted on the 24th,yes,35,100,5,4,Expense,1,,,
606,2024-11-22,82.18,October,Samsung Monitor - Affirm,Posted on the 24th,yes,35,100,5,4,Expense,1,,,
768,2025-04-01,50.00,,Starlink,"",Yes,11,133,67,1,Expense,1,3,,
771,2025-04-08,6.00,,AWS - Database,"",Yes,4,133,14,34,Expense,1,6,,
36,2025-04-24,36.18,250105,Charlotte I Meals,"",Yes,69,6,26,3,Expense,1,,,personal_vehicle
34,2025-04-25,65.26,250105,Charlotte I Gas,"",Yes,69,6,27,3,Expense,1,,,personal_vehicle
39,2025-04-27,397.62,250105,Charlotte I Hotel,"",Yes,69,6,25,3,Expense,1,,,personal_vehicle
843,2025-04-28,750.00,250105,SkyGuy - 2nd Drone Operator,receipts/250105_SkyGuy_Invoice.pdf,Yes,100,6,100,3,Expense,1,,,
836,2025-05-20,348.66,250106,Chicago Hotel,"",Yes,69,8,25,3,Expense,1,,,
845,2025-05-29,862.60,250107,Epping Hotel,receipts/250107_Epping_Hotel.pdf,Yes,69,9,25,3,Expense,1,,,
835,2025-06-01,13.75,250107,Epping Tolls - Maine (Cash),"",Yes,69,9,28,3,Expense,1,,,rental_car
833,2025-06-02,28.05,250107,Epping Gas,receipts/250107_Epping_Gas_1.pdf,Yes,69,9,27,3,Expense,1,,,rental_car
841,2025-06-02,12.14,250107,Epping meals,"",Yes,69,9,26,3,Expense,1,,,
842,2025-06-02,13.01,250107,Epping Meals,"",Yes,69,9,26,3,Expense,1,,,
832,2025-06-04,79.66,250107,Epping Meals,receipts/250107_Epping_Meal_2.pdf,Yes,69,9,26,3,Expense,1,,,
830,2025-06-04,401.98,250107,Epping Car Rental,receipts/250107_Epping_Car_Rental.pdf,Yes,69,9,23,3,Expense,1,,,rental_car
829,2025-06-04,16.38,250107,Epping Gas,receipts/250107_Epping_Gas_2.pdf,Yes,69,9,27,3,Expense,1,,,rental_car
831,2025-06-04,27.40,250107,Epping Meals,receipts/250107_Epping_Meal_1.pdf,Yes,69,9,26,3,Expense,1,,,
827,2025-06-05,37.96,250108,Bristol Gas,receipts/250108_Bristol_Gas_1.pdf,Yes,69,10,27,3,Expense,1,,,personal_vehicle
837,2025-06-06,4000.00,250105,Charlotte I Invoice,"",Yes,7,6,19,3,Income,1,,,
838,2025-06-07,10.77,250108,Bristol Meals,"",Yes,69,10,26,3,Expense,1,,,
844,2025-06-08,45.14,250108,Bristol Gas,"",Yes,69,10,27,3,Expense,1,,,personal_vehicle
828,2025-06-09,11.16,250108,Bristol meals,"",Yes,69,10,26,3,Expense,1,,,
840,2025-06-09,74.85,,Canopy replacement,"",Yes,35,,6,3,Expense,1,,,
839,2025-06-10,26.74,,Carbon Copy Cloner Software,"",Yes,4,,12,1,Expense,1,,,
847,2025-06-12,143.61,,The Hartford Insurance,"",Yes,2,133,8,1,Expense,1,4,,
853,2025-06-12,15.00,,Chase Bank Fee,"",Yes,4,133,11,1,Expense,1,12,,
856,2025-06-12,72.94,,Verizon Cellular,"",Yes,11,133,29,1,Expense,1,1,,
857,2025-06-12,74.24,,Verizon iPad,"",Yes,35,133,3,1,Expense,1,2,,
858,2025-06-12,11.19,,Heroku,"",Yes,4,133,14,34,Expense,1,5,,
846,2025-06-12,50.00,,Starlink,"",Yes,11,133,67,1,Expense,1,3,,
848,2025-06-12,6.00,,AWS - Database,"",Yes,4,133,14,34,Expense,1,6,,
852,2025-06-12,9.00,,PaymentTech,"",Yes,4,133,11,1,Expense,1,11,,
704,2025-03-07,37.58,250101,Gainesville meal,receipts/Screenshot_2025-05-07_at_8.14.55PM.png,Yes,69,1,26,3,Expense,1,,,
709,2025-03-11,30.42,250102,Gainesville meals,receipts/Screenshot_2025-05-07_at_8.21.37PM.png,Yes,69,1,26,3,Expense,1,,,
711,2025-03-21,30.60,250102,Phoenix meals,receipts/Screenshot_2025-05-07_at_8.24.03PM.png,Yes,69,2,26,3,Expense,1,,,
719,2025-03-31,14.85,250103,Pomona I meals,receipts/Screenshot_2025-05-07_at_8.48.07PM.png,Yes,69,3,26,3,Expense,1,,,
718,2025-04-01,21.07,250103,Pomona I meals,receipts/Screenshot_2025-05-07_at_8.46.59PM.png,Yes,69,3,26,3,Expense,1,,,
251,2023-07-27,25.16,23002,Sonoma Meals,None,yes,69,14,26,3,Expense,1,,,
932,2025-07-02,9.99,,Apple iCloud,"",Yes,4,133,12,34,Expense,1,,,
936,2025-07-02,64.18,,Adobe CC,"",Yes,4,133,12,2,Expense,1,,,
935,2025-07-02,2.55,,Google Suite,"",Yes,4,133,12,34,Expense,1,,,
933,2025-07-02,16.04,,Paddle.com,"",Yes,4,133,12,34,Expense,1,,,
901,2025-06-23,108.66,250109,Virginia Hotel - Return Trip Venture Card,"",Yes,69,11,25,3,Expense,1,,,
419,2024-03-27,180.11,240999,Google Ads,Blaze CC,yes,4,100,10,1,Expense,1,,,
435,2024-04-15,74.04,240019,Vegas I - Flights,Capital One CC,yes,69,5,24,3,Expense,1,,,
448,2024-05-01,42.86,240047,Norwalk - Gas,Capital One CC,yes,69,12,27,3,Expense,1,,,
506,2024-06-22,46.95,240042,Virginia - Fuel,Venture Card,yes,69,11,27,3,Expense,1,,,
509,2024-06-25,54.25,240042,Virginia - Fuel,Venture Card,yes,69,11,27,3,Expense,1,,,
896,2025-05-16,11.55,250106,Chicago Meal,receipts/250106_Chicago_Meal_2.pdf,Yes,69,8,26,3,Expense,1,,,
904,2025-05-16,3250.00,250104,Vegas I Invoice,"",Yes,7,5,19,3,Income,1,,,
897,2025-05-17,11.32,250106,Chicago Meal,receipts/250106_Chicago_Meal_1.pdf,Yes,69,8,26,3,Expense,1,,,
894,2025-05-18,72.66,250106,Chicago Gas,receipts/250106_Chicago_Gas_1.pdf,Yes,69,8,27,3,Expense,1,,,personal_vehicle
892,2025-06-06,10.83,250109,Bristol Meal,receipts/250108_Bristol_Meal_1.pdf,Yes,69,10,26,3,Expense,1,,,
859,2025-06-18,102.41,250109,Virginia Hotel 1st night,receipts/250109_VA_Hotel_1.pdf,Yes,69,11,25,3,Expense,1,,,personal_vehicle
895,2025-06-19,11.90,250109,Virginia Meal,receipts/250109_VA_Meal_1.pdf,Yes,69,11,26,3,Expense,1,,,
898,2025-06-19,55.75,250109,Virginia Gas,receipts/250109_VA_gas_1.pdf,Yes,69,11,27,3,Expense,1,,,personal_vehicle
899,2025-06-20,59.44,250109,Virginia Gas,receipts/250109_VA_Gas_2.pdf,Yes,69,11,27,3,Expense,1,,,personal_vehicle
902,2025-06-21,3250.00,250106,Chicago Invoice,"",Yes,7,8,19,3,Income,1,,,
900,2025-06-24,589.53,250109,Virginia Hotel - Venture Card,"",Yes,69,11,25,3,Expense,1,,,
903,2025-06-25,121.98,250110,Controller Rental for Norwalk,receipts/250110_Norwalk_Eqlupment_Rental.png,Yes,68,12,1,3,Expense,1,,,
948,2025-06-27,74.35,250110,Norwalk Gas,"",Yes,69,12,27,3,Expense,1,,,personal_vehicle
949,2025-06-27,9.00,250110,Norwalk Tolls,"",Yes,69,12,28,3,Expense,1,,,personal_vehicle
950,2025-06-27,5.50,250110,Norwalk Tolls,"",Yes,69,12,28,3,Expense,1,,,personal_vehicle
947,2025-06-28,27.16,250110,Norwalk Meals,"",Yes,69,12,26,3,Expense,1,,,
946,2025-06-28,48.28,250110,Norwalk Gas,"",Yes,69,12,27,3,Expense,1,,,personal_vehicle
927,2025-06-29,74.67,250110,Norwalk Meals,receipts/250110_Norwalk_Meals_2.pdf,Yes,69,12,26,3,Expense,1,,,
943,2025-06-30,42.47,250110,Norwalk Gas - Chase Business Debit,"",Yes,69,12,27,3,Expense,1,,,personal_vehicle
926,2025-06-30,21.42,250110,Norwalk Meals,receipts/250110_Norwalk_Meals_1.pdf,Yes,69,12,26,3,Expense,1,,,
945,2025-06-30,48.85,250110,Norwalk Gas,"",Yes,69,12,27,3,Expense,1,,,personal_vehicle
925,2025-06-30,814.44,250110,Norwalk Hotel,receipts/250110_Norwalk_Hotel.pdf,Yes,69,12,25,3,Expense,1,,,
944,2025-06-30,5.50,250110,Norwalk Tolls,"",Yes,69,12,28,3,Expense,1,,,personal_vehicle
942,2025-06-30,750.00,250110,"Skyguy LLC, 2nd Drone for Norwalk","",Yes,100,12,100,3,Expense,1,,,
928,2025-07-02,50.00,,Starlink,"",Yes,11,133,67,1,Expense,1,,,
929,2025-07-02,143.61,,The Hartford Insurance,"",Yes,2,133,8,1,Expense,1,,,
930,2025-07-02,6.00,,AWS - Database,"",Yes,4,133,14,34,Expense,1,,,
941,2025-07-02,7.20,,Google Business Suite,"",Yes,4,133,12,1,Expense,1,,,
940,2025-07-02,9.95,,PaymentTech,"",Yes,4,133,11,1,Expense,1,,,
939,2025-07-02,11.19,,Heroku,"",Yes,4,133,14,34,Expense,1,,,
938,2025-07-02,74.24,,Verizon iPad,"",Yes,35,133,3,1,Expense,1,,,
937,2025-07-02,72.94,,Verizon Cellular,"",Yes,11,133,29,1,Expense,1,,,
934,2025-07-02,15.00,,Chase Bank Fee,"",Yes,4,133,11,1,Expense,1,,,
437,2024-04-16,44.48,240019,Vegas I - Meals,Capital One CC,yes,69,5,26,3,Expense,1,,,
436,2024-04-16,25.30,240019,Vegas I - Meals,Capital One CC,yes,69,5,26,3,Expense,1,,,
440,2024-04-17,17.68,240018,Phoenix - Meals,Capital One CC,yes,69,2,26,3,Expense,1,,,
477,2024-05-16,29.40,240033,240033,/Volumes/Business/TSP/_FINANCIAL/2024/Receipts,yes,69,8,26,3,Expense,1,,,
519,2024-07-01,8.88,240047,NHRA Norwalk,PNC Debit,yes,69,12,26,3,Expense,1,,,
952,2025-06-04,1200.00,,Sold DJI Mavic 3 Classic Drone,"",Yes,35,,1,3,Income,1,,,
957,2025-06-23,10.90,250109,Virginia meals,"",Yes,69,11,26,3,Expense,1,,,
959,2025-06-22,45.38,250109,Virginia Gas,"",Yes,69,11,27,3,Expense,1,,,personal_vehicle
960,2025-06-20,96.42,,Table for Drone Operations,"",Yes,35,67,3,3,Expense,1,,,
160,2023-03-31,191.25,23002,Pomona I,/Volumes/Business/TSP/_FINANCIAL//2023/2022_Receipts/Pomona_Car.pdf,yes,69,3,23,3,Expense,1,,,
542,2024-08-19,319.49,240051,Brainerd Car Rental,None,yes,69,15,23,3,Expense,1,,,
546,2024-09-09,160.36,240052,Indy Car,Venture Card,yes,69,16,23,3,Expense,1,,,
574,2024-11-18,311.91,240058,Pomona II Car Rental,TC Capital One,yes,69,4,23,3,Expense,1,,,
514,2024-06-26,251.03,240042,NHRA Virginia,Captal One - Red,yes,69,11,23,3,Expense,1,,,
553,2024-09-24,356.74,240053,Reading Car,Roses Card,yes,69,17,23,3,Expense,1,,,
560,2024-09-30,258.59,240054,St Louis Car,Chase Debit,yes,69,19,23,4,Expense,1,,,
565,2024-10-14,463.66,240056,Dallas Car Rental,Chase Business Card,yes,69,20,23,3,Expense,1,,,
569,2024-10-31,411.88,240057,Vegas II Car,TC Capital One,yes,69,21,23,3,Expense,1,,,
135,2023-02-01,17.00,23002,Heroku,"",yes,8,100,14,1,Expense,1,,,
149,2023-03-01,17.00,23002,Heroku,"",yes,8,100,14,1,Expense,1,,,
155,2023-03-14,15.36,23002,Website - Heroku,None,yes,8,100,14,4,Expense,1,,,
168,2023-04-01,17.00,23002,Heroku,"",yes,8,100,14,1,Expense,1,,,
173,2023-04-14,15.36,23002,Website - Heroku,None,yes,8,100,14,4,Expense,1,,,
186,2023-05-01,17.00,23002,Heroku,"",yes,8,100,14,1,Expense,1,,,
236,2023-07-01,17.00,23002,Heroku,"",yes,8,100,14,1,Expense,1,,,
266,2023-08-01,17.00,23002,Heroku,"",yes,8,100,14,1,Expense,1,,,
665,2025-02-02,55.00,Monthly,FirstNet Cellular Service,Posted on the 8th,yes,8,100,14,4,Expense,1,,,
748,2025-02-21,32.09,,Adobe CC,"",Yes,4,133,12,2,Expense,1,,,
761,2025-03-21,32.09,,Adobe CC,"",Yes,4,133,12,2,Expense,1,,,
759,2025-03-07,13.38,,Microsoft 365,"",Yes,4,133,12,34,Expense,1,7,,
762,2025-03-20,16.04,,Paddle.com,"",Yes,4,133,12,34,Expense,1,10,,
775,2025-04-20,16.04,,Paddle.com,"",Yes,4,133,12,34,Expense,1,10,,
791,2025-05-02,2.55,,Google Suite,"",Yes,4,133,12,34,Expense,1,13,,
786,2025-05-06,9.99,,Apple iCloud,"",Yes,4,133,12,34,Expense,1,8,,
785,2025-05-07,13.38,,Microsoft 365,"",Yes,4,133,12,34,Expense,1,7,,
788,2025-05-20,16.04,,Paddle.com,"",Yes,4,133,12,34,Expense,1,10,,
787,2025-05-21,32.09,,Adobe CC,"",Yes,4,133,12,2,Expense,1,,,
664,2025-01-25,29.99,Monthly,Adobe CC Subscription,Posted on the 18th,yes,8,100,12,1,Expense,1,,,
658,2025-01-25,13.36,Monthly,Microsoft 365 Subscription,Posted on the 6th,yes,8,100,12,1,Expense,1,,,
672,2025-02-02,21.39,Monthly,Paddle.com Subscription,Posted on the 20th,yes,8,100,12,4,Expense,1,,,
675,2025-02-04,9.99,Monthly,Apple iCloud ,Posted on the 6th,yes,8,100,12,1,Expense,1,,,
676,2025-02-05,29.99,Monthly,Adobe CC Subscription,Posted on the 18th,yes,8,100,12,1,Expense,1,,,
678,2025-02-07,21.39,Monthly,Paddle.com Subscription,Posted on the 20th,yes,8,100,12,4,Expense,1,,,
749,2025-02-20,16.04,,Paddle.com,"",Yes,4,133,12,34,Expense,1,10,,
854,2025-06-12,2.55,,Google Suite,"",Yes,4,133,12,34,Expense,1,13,,
855,2025-06-12,64.18,,Adobe CC,"",Yes,4,133,12,2,Expense,1,9,,
849,2025-06-12,13.38,,Microsoft 365,"",Yes,4,133,12,34,Expense,1,7,,
850,2025-06-12,9.99,,Apple iCloud,"",Yes,4,133,12,34,Expense,1,8,,
851,2025-06-12,16.04,,Paddle.com,"",Yes,4,133,12,34,Expense,1,10,,
931,2025-07-02,13.38,,Microsoft 365,"",Yes,4,133,12,34,Expense,1,,,
953,2025-06-10,600.00,,Sold DJI RC Pro Controller,"",Yes,35,,1,3,Income,1,,,
954,2025-06-16,1616.45,,Purchased DJI Air 3s Drone,receipts/Screenshot_2025-07-03_at_7.03.32PM.png,Yes,35,,1,3,Expense,1,,,
958,2025-06-23,61.13,250109,Virginia Gas,"",Yes,69,11,27,3,Expense,1,,,personal_vehicle
108,2022-01-23,36.00,22001,Epping - Parking,Volumes/Business/TSP/_FINANCIAL//2023/2022_Receipts/IMG_0659 3.jpeg,yes,69,9,28,3,Expense,1,,,
683,2022-01-23,36.00,22001,Epping - Parking,Volumes/Business/TSP/_FINANCIAL//2023/2022_Receipts/IMG_0659 3.jpeg,yes,69,9,28,3,Expense,1,,,
107,2022-02-04,128.00,23002,Leaseville,"",yes,35,100,5,1,Expense,1,,,
682,2022-02-04,128.00,23002,Leaseville,"",yes,35,100,5,1,Expense,1,,,
119,2023-01-01,9.99,23002,Apple iCloud,"",yes,4,100,12,1,Expense,1,,,
116,2023-01-01,99.38,23002,iPad,"",yes,35,100,5,1,Expense,1,,,
118,2023-01-01,29.99,23002,Adobe CC,"",yes,4,100,12,1,Expense,1,,,
128,2023-02-01,99.38,23002,iPad,"",yes,35,100,5,1,Expense,1,,,
131,2023-02-01,9.99,23002,Apple iCloud,"",yes,4,100,12,1,Expense,1,,,
132,2023-02-01,13.36,23002,Microsoft 365,"",yes,4,100,12,1,Expense,1,,,
129,2023-02-01,74.40,23002,Cell Phone,"",yes,35,100,3,1,Expense,1,,,
145,2023-03-01,9.99,23002,Apple iCloud,"",yes,4,100,12,1,Expense,1,,,
142,2023-03-01,99.38,23002,iPad,"",yes,35,100,5,1,Expense,1,,,
172,2023-04-03,36.00,23002,Gainsville Parking,/Volumes/Business/TSP/_FINANCIAL//2023/2022_Receipts/indianapolis.pdf,yes,69,1,28,3,Expense,1,,,
179,2023-05-01,99.38,23002,iPad,"",yes,35,100,5,1,Expense,1,,,
347,2023-05-15,1500.00,230013,Pomona Invoice,"",yes,7,3,19,3,Income,1,,,
209,2023-06-01,176.84,23002,The Hartford,"",yes,2,100,8,1,Expense,1,,,
212,2023-06-16,13.36,23002,Paddle.net,None,yes,4,100,12,4,Expense,1,,,
230,2023-07-01,74.40,23002,Cell Phone,"",yes,35,100,3,1,Expense,1,,,
246,2023-07-24,82.18,23002,Samsung - Monitor,None,yes,35,100,5,1,Expense,1,,,
263,2023-08-01,13.36,23002,Microsoft 365,"",yes,4,100,12,1,Expense,1,,,
270,2023-08-14,17.00,23002,Website - Heroku,None,yes,4,100,14,4,Expense,1,,,
321,2023-08-15,1500.00,230015,Norwalk Invoice,"",yes,7,12,19,3,Income,1,,,
289,2023-09-01,109.99,23002,FirstNet,"",yes,11,100,29,1,Expense,1,,,
297,2023-09-14,17.00,23002,Website - Heroku,None,yes,4,100,14,4,Expense,1,,,
303,2023-09-24,82.18,23002,Samsung - Monitor,None,yes,35,100,5,1,Expense,1,,,
308,2023-09-30,144.86,23002,The Hartford Insurance,None,yes,2,100,8,1,Expense,1,,,
222,2023-11-20,1531.70,230024,Dallas Invoice,"",yes,7,20,19,3,Income,1,,,
357,2023-11-29,49.00,23002,Coursera,None,yes,8,100,21,4,Expense,1,,,
358,2023-11-30,144.86,23002,The Hartford Insurance,None,yes,2,100,8,1,Expense,1,,,
793,2023-12-10,1531.71,230025,Vegas II Invoice,"",Yes,7,21,19,3,Income,1,,,
372,2023-12-14,13.38,23002,Office 365,None,yes,4,100,12,1,Expense,1,,,
395,2024-02-14,17.00,240999,Website - Heroku,None,yes,4,100,14,1,Expense,1,,,
415,2024-03-21,161.36,240999,The Hartford,"",yes,2,100,8,1,Expense,1,,,
422,2024-04-10,1335.79,240015,Gainsville invoice,PNC Deposit,yes,7,1,19,3,Income,1,,,
423,2024-04-10,99.38,240999,iPad,"",yes,35,100,5,1,Expense,1,,,
438,2024-04-16,1389.93,240999,Mavic 3 Classic Drone Kit - Roberts,/volumes/TSP/_FINANCIAL/2024/Receipts/mavic_3_classic.pdf,yes,35,100,1,3,Expense,1,,,
454,2024-05-06,54.00,240999,Serge Remelle Software Training,PNC Debit,yes,8,100,21,2,Expense,1,,,
475,2024-05-16,230.54,240999,DJI RC Pro Controller,Chase Business Card,yes,35,100,1,3,Expense,1,,,
496,2024-06-05,123.56,240999,Harbor Freight - Drone Case,Chase Business Card,yes,35,100,1,3,Expense,1,,,
507,2024-06-24,230.54,240999,DJI RC Pro Controller,Chase Business Card,yes,35,100,1,3,Expense,1,,,
548,2024-09-15,616.98,240053,Reading Hotel,Venture Card,yes,69,17,25,3,Expense,1,,,
558,2024-09-29,48.18,240054,St Louis Gas,Venture Card,yes,69,19,27,3,Expense,1,,,
575,2024-11-18,844.25,240058,Pomona II Hotel,Roses Card,yes,69,4,25,3,Expense,1,,,
578,2024-11-20,234.95,I281919,InkOwl Pro 2000 Ink,Chase Business Debit,yes,4,100,13,2,Expense,1,,,
629,2024-11-22,74.40,October,FirstNet Cell Phone Purchase,Posted on the 18th,yes,35,100,3,1,Expense,1,,,
585,2024-11-22,29.99,September,Udemy Training Subscription,Posted on the 7th,yes,8,100,21,1,Expense,1,,,
587,2024-11-22,13.36,July,Microsoft 365 Subscription,Posted on the 6th,yes,4,100,12,1,Expense,1,,,
798,2023-11-10,59.26,230023,St Louis Gas,"",Yes,69,19,27,3,Expense,1,,,
114,2022-07-21,424.91,22001,San Francisco,/Volumes/Business?TSP/_FINANCIAL/2023/2022_Receipts/460685486_90141708419_25072022024530.pdf,yes,69,14,23,3,Expense,1,,,
153,2023-03-08,575.92,230011,Gainsville - Fatheadz,None,yes,69,1,23,3,Expense,1,,,
242,2023-07-14,17.00,23002,Website - Heroku,None,yes,8,100,14,4,Expense,1,,,
442,2024-04-18,14.80,240020,Drinkwater Wedding,Stripe fee for Drinkwater Wedding Deposit,yes,4,100,11,2,Expense,1,,,
597,2024-11-22,15.00,September,Chase: Account Fee,Posted on the 30th,yes,4,100,11,1,Expense,1,,,
637,2024-11-22,128.00,September,Computer Speakers/Lights,Posted on the 11th & 13th,yes,35,100,5,1,Expense,1,,,
640,2024-11-26,3000.00,240057,Vegas II Invoice,Chase Business Deposit,yes,7,21,19,3,Income,1,,,
643,2024-11-27,71.88,249999,Siteground Hosting Annual,Chase,yes,4,100,12,4,Expense,1,,,
804,2025-01-10,159.91,250103,"Return flight, Pomona I",receipts/Screenshot_2025-05-15_at_6.31.01PM.png,Yes,69,3,24,3,Expense,1,,,
670,2025-02-02,15.00,Monthly,Chase: Account Fee,Posted on the 30th,yes,4,100,11,1,Expense,1,,,
745,2025-02-08,6.00,,AWS - Database,"",Yes,4,133,14,34,Expense,1,6,,
758,2025-03-08,6.00,,AWS - Database,"",Yes,4,133,14,34,Expense,1,6,,
715,2025-04-03,43.20,250103,Pomona I Gas,receipts/Screenshot_2025-05-07_at_8.42.07PM.png,Yes,69,3,27,3,Expense,1,,,rental_car
805,2025-04-11,379.00,250104,Vegas flights,receipts/Screenshot_2025-05-15_at_6.37.01PM.png,Yes,69,5,24,3,Expense,1,,,
784,2025-05-08,6.00,,AWS - Database,"",Yes,4,133,14,34,Expense,1,6,,
779,2025-05-18,60.45,,Verizon Cellular,"",Yes,11,133,29,1,Expense,1,,,
834,2025-06-10,10.05,250107,Epping Tolls - Boston,receipts/250108_Epping_Tolls.pdf,Yes,69,9,28,3,Expense,1,,,rental_car
101,2025-03-08,10.63,250101,Gainesville Meal,receipts/Gainsville_Meal.pdf,Yes,69,1,26,3,Expense,1,,,
706,2025-03-11,231.10,250101,Gainesville car rental,receipts/Screenshot_2025-05-07_at_8.17.47PM.png,Yes,69,1,23,3,Expense,1,,,
951,2025-07-03,5220.16,,Purchase DJI Mavic 4 Pro Creator Kit,"",Yes,35,,1,3,Expense,1,,,
955,2025-07-01,3250.00,250107,Epping Invoice Paid,"",Yes,7,9,19,3,Income,1,,,
956,2025-07-01,436.53,250112,Return flight from Sonoma race,"",Yes,69,14,24,3,Expense,1,,,
961,2025-07-08,2200.00,None,Sold Mavic 3 Pro: 1581F67Q72497M04W1D4,"",Yes,35,67,1,3,Income,1,,,
