date,trans_type,category,sub_cat,date_created,amount,invoice_numb,paid,team,transaction,tax,keyword,receipt,user,,,
05/19/22,Income,Services,Services: Drone,05/19/22,2073.98,22001,yes,Airborne Images,Fatheadz Pay,yes,NHRA,PNC,tomstout,,,
06/06/22,Expense,Travel,Travel: Car Rental,06/06/22,450.18,22001,yes,Airborne Images,Epping,yes,Epping,/Volumes/Business/TSP/_FINANCIAL//2023/2022_Receipts/epping_car.png,tomstout,,,
07/07/22,Expense,Travel,Travel: Hotel,07/07/22,146.00,22001,yes,Airborne Images,Denver,yes,Denver,/Volumes/Business/TSP/2023/2022_Receipts/Denver Hotel.pdf,tomstout,,,
07/11/22,Expense,Travel,Travel: Hotel,07/11/22,219.00,22001,yes,Airborne Images,Sonoma ,yes,Sonoma,/Volumes/Business/TSP/_Financial/2023/2022_Receipts/sonoma_hotel.pdf,tomstout,,,
07/21/22,Expense,Travel,Travel: Car Rental,07/21/22,424.91,22001,yes,Airborne Images,San Francisco,yes,Sonoma,/Volumes/Business?TSP/_FINANCIAL/2023/2022_Receipts/460685486_90141708419_25072022024530.pdf,tomstout,,,
07/27/22,Income,Services,Services: Drone,07/27/22,469.94,22001,yes,Airborne Images,Fatheadz Pay,yes,NHRA,PNC ,tomstout,,,
01/01/23,Expense,Equipment,Equipment: Computer,01/01/23,99.38,23002,yes,"TSP, LLC",iPad,yes,None,NA,tomstout,,,
01/01/23,Expense,Equipment,Equipment: Office,01/01/23,74.40,23002,yes,"TSP, LLC",Cell Phone,yes,None,NA,tomstout,,,
01/01/23,Expense,Office Expense,Office Expense: Software,01/01/23,29.99,23002,yes,"TSP, LLC",Adobe CC,yes,None,NA,tomstout,,,
01/01/23,Expense,Office Expense,Office Expense: Software,01/01/23,9.99,23002,yes,"TSP, LLC",Apple iCloud,yes,None,NA,tomstout,,,
01/01/23,Expense,Office Expense,Office Expense: Software,01/01/23,13.36,23002,yes,"TSP, LLC",Microsoft 365,yes,None,NA,tomstout,,,
01/01/23,Expense,Subscriptions,Subscriptions: Education,01/01/23,29.00,23002,yes,"TSP, LLC",Udemy,yes,None,NA,tomstout,,,
01/01/23,Expense,Subscriptions,Subscriptions: Web Hosting,01/01/23,17.00,23002,yes,"TSP, LLC",Heroku,yes,None,NA,tomstout,,,
01/01/23,Expense,Utilities,Utilities: Cellular,01/01/23,109.99,23002,yes,"TSP, LLC",FirstNet,yes,None,NA,tomstout,,,
01/12/23,Expense,Office Expense,Office Expense: Software,01/12/23,13.38,23002,yes,"TSP, LLC",Office 365,yes,None,None,tomstout,,,
01/14/23,Expense,Subscriptions,Subscriptions: Web Hosting,01/14/23,15.36,23002,yes,12bytes,Website - Heroku,yes,None,None,tomstout,,,
01/16/23,Expense,Office Expense,Office Expense: Software,01/16/23,13.36,23002,yes,12bytes,Paddle.net,yes,None,None,tomstout,,,
01/20/23,Expense,Office Expense,Office Expense: Software,01/20/23,9.99,23002,yes,"TSP, LLC",Apple iCloud,yes,None,None,tomstout,,,
02/01/23,Expense,Equipment,Equipment: Computer,02/01/23,99.38,23002,yes,"TSP, LLC",iPad,yes,None,NA,tomstout,,,
02/01/23,Expense,Equipment,Equipment: Office,02/01/23,74.40,23002,yes,"TSP, LLC",Cell Phone,yes,None,NA,tomstout,,,
02/01/23,Expense,Office Expense,Office Expense: Software,02/01/23,29.99,23002,yes,"TSP, LLC",Adobe CC,yes,None,NA,tomstout,,,
02/01/23,Expense,Office Expense,Office Expense: Software,02/01/23,9.99,23002,yes,"TSP, LLC",Apple iCloud,yes,None,NA,tomstout,,,
02/01/23,Expense,Office Expense,Office Expense: Software,02/01/23,13.36,23002,yes,"TSP, LLC",Microsoft 365,yes,None,NA,tomstout,,,
02/01/23,Expense,Subscriptions,Subscriptions: Education,02/01/23,29.00,23002,yes,"TSP, LLC",Udemy,yes,None,NA,tomstout,,,
02/01/23,Expense,Equipment,Equipment: Computer,02/01/23,82.08,23002,yes,"TSP, LLC",Samsung,yes,None,NA,tomstout,,,
02/01/23,Expense,Subscriptions,Subscriptions: Web Hosting,02/01/23,17.00,23002,yes,"TSP, LLC",Heroku,yes,None,NA,tomstout,,,
02/01/23,Expense,Utilities,Utilities: Cellular,02/01/23,109.99,23002,yes,"TSP, LLC",FirstNet,yes,None,NA,tomstout,,,
02/01/23,Expense,Equipment,Equipment: Computer,02/01/23,128.00,23002,yes,"TSP, LLC",Leaseville,yes,None,NA,tomstout,,,
02/14/23,Expense,Subscriptions,Subscriptions: Web Hosting,02/14/23,15.36,23002,yes,12bytes,Website - Heroku,yes,None,None,tomstout,,,
02/14/23,Expense,Office Expense,Office Expense: Software,02/14/23,13.38,23002,yes,"TSP, LLC",Office 365,yes,None,None,tomstout,,,
02/16/23,Expense,Office Expense,Office Expense: Software,02/16/23,13.36,23002,yes,12bytes,Paddle.net,yes,None,None,tomstout,,,
02/20/23,Expense,Office Expense,Office Expense: Software,02/20/23,9.99,23002,yes,"TSP, LLC",Apple iCloud,yes,None,None,tomstout,,,
03/01/23,Expense,Equipment,Equipment: Computer,03/01/23,99.38,23002,yes,"TSP, LLC",iPad,yes,None,NA,tomstout,,,
03/01/23,Expense,Equipment,Equipment: Office,03/01/23,74.40,23002,yes,"TSP, LLC",Cell Phone,yes,None,NA,tomstout,,,
03/01/23,Expense,Office Expense,Office Expense: Software,03/01/23,29.99,23002,yes,"TSP, LLC",Adobe CC,yes,None,NA,tomstout,,,
03/01/23,Expense,Office Expense,Office Expense: Software,03/01/23,9.99,23002,yes,"TSP, LLC",Apple iCloud,yes,None,NA,tomstout,,,
03/01/23,Expense,Office Expense,Office Expense: Software,03/01/23,13.36,23002,yes,"TSP, LLC",Microsoft 365,yes,None,NA,tomstout,,,
03/01/23,Expense,Subscriptions,Subscriptions: Education,03/01/23,29.00,23002,yes,"TSP, LLC",Udemy,yes,None,NA,tomstout,,,
03/01/23,Expense,Equipment,Equipment: Computer,03/01/23,82.08,23002,yes,"TSP, LLC",Samsung,yes,None,NA,tomstout,,,
03/01/23,Expense,Subscriptions,Subscriptions: Web Hosting,03/01/23,17.00,23002,yes,"TSP, LLC",Heroku,yes,None,NA,tomstout,,,
03/01/23,Expense,Utilities,Utilities: Cellular,03/01/23,109.99,23002,yes,"TSP, LLC",FirstNet,yes,None,NA,tomstout,,,
03/01/23,Expense,Equipment,Equipment: Computer,03/01/23,128.00,23002,yes,"TSP, LLC",Leaseville,yes,None,NA,tomstout,,,
03/01/23,Expense,Insurance,Insurance: General Liability,03/01/23,176.84,23002,yes,"TSP, LLC",The Hartford,yes,None,NA,tomstout,,,
03/08/23,Expense,Travel,Travel: Car Rental,03/08/23,575.92,23002,yes,Airborne Images,Gainsville - Fatheadz,yes,Gainesville,None,tomstout,,,
03/10/23,Expense,Travel,Travel: Hotel,03/10/23,284.56,23002,yes,Airborne Images,Gainsville,yes,Gainesville,/Volumes/Business/TSP/_FINANCIAL/2023/2022_Receipts/Gainsville Hotel.pdf,tomstout,,,
03/14/23,Expense,Subscriptions,Subscriptions: Web Hosting,03/14/23,15.36,23002,yes,12bytes,Website - Heroku,yes,None,None,tomstout,,,
03/14/23,Expense,Office Expense,Office Expense: Software,03/14/23,13.38,23002,yes,"TSP, LLC",Office 365,yes,None,None,tomstout,,,
03/16/23,Expense,Office Expense,Office Expense: Software,03/16/23,13.36,23002,yes,12bytes,Paddle.net,yes,None,None,tomstout,,,
03/20/23,Expense,Office Expense,Office Expense: Software,03/20/23,9.99,23002,yes,"TSP, LLC",Apple iCloud,yes,None,None,tomstout,,,
03/29/23,Expense,Subscriptions,Subscriptions: Education,03/29/23,49.00,23002,yes,12bytes,Coursera,yes,None,None,tomstout,,,
03/31/23,Expense,Travel,Travel: Car Rental,03/31/23,191.25,23002,yes,Airborne Images,Pomona I,yes,Pomona I,/Volumes/Business/TSP/_FINANCIAL//2023/2022_Receipts/Pomona_Car.pdf,tomstout,,,
04/01/23,Expense,Equipment,Equipment: Computer,04/01/23,99.38,23002,yes,"TSP, LLC",iPad,yes,None,NA,tomstout,,,
04/01/23,Expense,Equipment,Equipment: Office,04/01/23,74.40,23002,yes,"TSP, LLC",Cell Phone,yes,None,NA,tomstout,,,
04/01/23,Expense,Office Expense,Office Expense: Software,04/01/23,29.99,23002,yes,"TSP, LLC",Adobe CC,yes,None,NA,tomstout,,,
04/01/23,Expense,Office Expense,Office Expense: Software,04/01/23,9.99,23002,yes,"TSP, LLC",Apple iCloud,yes,None,NA,tomstout,,,
04/01/23,Expense,Office Expense,Office Expense: Software,04/01/23,13.36,23002,yes,"TSP, LLC",Microsoft 365,yes,None,NA,tomstout,,,
04/01/23,Expense,Subscriptions,Subscriptions: Education,04/01/23,29.00,23002,yes,"TSP, LLC",Udemy,yes,None,NA,tomstout,,,
04/01/23,Expense,Equipment,Equipment: Computer,04/01/23,82.08,23002,yes,"TSP, LLC",Samsung,yes,None,NA,tomstout,,,
04/01/23,Expense,Subscriptions,Subscriptions: Web Hosting,04/01/23,17.00,23002,yes,"TSP, LLC",Heroku,yes,None,NA,tomstout,,,
04/01/23,Expense,Utilities,Utilities: Cellular,04/01/23,109.99,23002,yes,"TSP, LLC",FirstNet,yes,None,NA,tomstout,,,
04/01/23,Expense,Equipment,Equipment: Computer,04/01/23,128.00,23002,yes,"TSP, LLC",Leaseville,yes,None,NA,tomstout,,,
04/01/23,Expense,Insurance,Insurance: General Liability,04/01/23,176.84,23002,yes,"TSP, LLC",The Hartford,yes,None,NA,tomstout,,,
04/03/23,Expense,Travel,Travel: Misc,04/03/23,36.00,23002,yes,Airborne Images,Gainsville Parking,yes,Gainesville,/Volumes/Business/TSP/_FINANCIAL//2023/2022_Receipts/indianapolis.pdf,tomstout,,,
04/14/23,Expense,Subscriptions,Subscriptions: Web Hosting,04/14/23,15.36,23002,yes,12bytes,Website - Heroku,yes,None,None,tomstout,,,
04/14/23,Expense,Office Expense,Office Expense: Software,04/14/23,13.38,23002,yes,"TSP, LLC",Office 365,yes,None,None,tomstout,,,
04/16/23,Expense,Office Expense,Office Expense: Software,04/16/23,13.36,23002,yes,12bytes,Paddle.net,yes,None,None,tomstout,,,
04/20/23,Expense,Office Expense,Office Expense: Software,04/20/23,9.99,23002,yes,"TSP, LLC",Apple iCloud,yes,None,None,tomstout,,,
04/26/23,Expense,Equipment,Equipment: Computer,04/26/23,128.00,23002,yes,"TSP, LLC",Leaseville,yes,None,None,tomstout,,,
04/29/23,Expense,Subscriptions,Subscriptions: Education,04/29/23,49.00,23002,yes,12bytes,Coursera,yes,None,None,tomstout,,,
05/01/23,Expense,Equipment,Equipment: Computer,05/01/23,99.38,23002,yes,"TSP, LLC",iPad,yes,None,NA,tomstout,,,
05/01/23,Expense,Equipment,Equipment: Office,05/01/23,74.40,23002,yes,"TSP, LLC",Cell Phone,yes,None,NA,tomstout,,,
05/01/23,Expense,Office Expense,Office Expense: Software,05/01/23,29.99,23002,yes,"TSP, LLC",Adobe CC,yes,None,NA,tomstout,,,
05/01/23,Expense,Office Expense,Office Expense: Software,05/01/23,9.99,23002,yes,"TSP, LLC",Apple iCloud,yes,None,NA,tomstout,,,
05/01/23,Expense,Office Expense,Office Expense: Software,05/01/23,13.36,23002,yes,"TSP, LLC",Microsoft 365,yes,None,NA,tomstout,,,
05/01/23,Expense,Subscriptions,Subscriptions: Education,05/01/23,29.00,23002,yes,"TSP, LLC",Udemy,yes,None,NA,tomstout,,,
05/01/23,Expense,Equipment,Equipment: Computer,05/01/23,82.08,23002,yes,"TSP, LLC",Samsung,yes,None,NA,tomstout,,,
05/01/23,Expense,Subscriptions,Subscriptions: Web Hosting,05/01/23,17.00,23002,yes,"TSP, LLC",Heroku,yes,None,NA,tomstout,,,
05/01/23,Expense,Utilities,Utilities: Cellular,05/01/23,109.99,23002,yes,"TSP, LLC",FirstNet,yes,None,NA,tomstout,,,
05/01/23,Expense,Equipment,Equipment: Computer,05/01/23,128.00,23002,yes,"TSP, LLC",Leaseville,yes,None,NA,tomstout,,,
05/01/23,Expense,Insurance,Insurance: General Liability,05/01/23,176.84,23002,yes,"TSP, LLC",The Hartford,yes,None,NA,tomstout,,,
05/14/23,Expense,Subscriptions,Subscriptions: Web Hosting,05/14/23,17.00,23002,yes,12bytes,Website - Heroku,yes,None,None,tomstout,,,
05/14/23,Expense,Office Expense,Office Expense: Software,05/14/23,13.38,23002,yes,"TSP, LLC",Office 365,yes,None,None,tomstout,,,
05/16/23,Expense,Office Expense,Office Expense: Software,05/16/23,13.36,23002,yes,12bytes,Paddle.net,yes,None,None,tomstout,,,
05/20/23,Expense,Office Expense,Office Expense: Software,05/20/23,9.99,23002,yes,"TSP, LLC",Apple iCloud,yes,None,None,tomstout,,,
05/26/23,Expense,Equipment,Equipment: Computer,05/26/23,128.00,23002,yes,"TSP, LLC",Leaseville,yes,None,None,tomstout,,,
05/29/23,Expense,Subscriptions,Subscriptions: Education,05/29/23,49.00,23002,yes,12bytes,Coursera,yes,None,None,tomstout,,,
05/29/23,Expense,Equipment,Equipment: Drone,05/29/23,72.39,23002,yes,Airborne Images,Amazon Order-DJI Controller,yes,None,None,tomstout,,,
05/30/23,Expense,Insurance,Insurance: General Liability,05/30/23,144.86,23002,yes,"TSP, LLC",The Hartford Insurance,yes,None,None,tomstout,,,
05/30/23,Expense,Insurance,Insurance: Aviation,05/30/23,156.00,23002,yes,Airborne Images,Aviation Insurance,yes,None,None,tomstout,,,
06/01/23,Expense,Equipment,Equipment: Computer,06/01/23,99.38,23002,yes,"TSP, LLC",iPad,yes,None,NA,tomstout,,,
06/01/23,Expense,Equipment,Equipment: Office,06/01/23,74.40,23002,yes,"TSP, LLC",Cell Phone,yes,None,NA,tomstout,,,
06/01/23,Expense,Office Expense,Office Expense: Software,06/01/23,29.99,23002,yes,"TSP, LLC",Adobe CC,yes,None,NA,tomstout,,,
06/01/23,Expense,Office Expense,Office Expense: Software,06/01/23,9.99,23002,yes,"TSP, LLC",Apple iCloud,yes,None,NA,tomstout,,,
06/01/23,Expense,Office Expense,Office Expense: Software,06/01/23,13.36,23002,yes,"TSP, LLC",Microsoft 365,yes,None,NA,tomstout,,,
06/01/23,Expense,Subscriptions,Subscriptions: Education,06/01/23,29.00,23002,yes,"TSP, LLC",Udemy,yes,None,NA,tomstout,,,
06/01/23,Expense,Equipment,Equipment: Computer,06/01/23,82.08,23002,yes,"TSP, LLC",Samsung,yes,None,NA,tomstout,,,
06/01/23,Expense,Subscriptions,Subscriptions: Web Hosting,06/01/23,17.00,23002,yes,"TSP, LLC",Heroku,yes,None,NA,tomstout,,,
06/01/23,Expense,Utilities,Utilities: Cellular,06/01/23,109.99,23002,yes,"TSP, LLC",FirstNet,yes,None,NA,tomstout,,,
06/01/23,Expense,Equipment,Equipment: Computer,06/01/23,128.00,23002,yes,"TSP, LLC",Leaseville,yes,None,NA,tomstout,,,
06/01/23,Expense,Insurance,Insurance: General Liability,06/01/23,176.84,23002,yes,"TSP, LLC",The Hartford,yes,None,NA,tomstout,,,
06/14/23,Expense,Subscriptions,Subscriptions: Web Hosting,06/14/23,17.00,23002,yes,12bytes,Website - Heroku,yes,None,None,tomstout,,,
06/14/23,Expense,Office Expense,Office Expense: Software,06/14/23,13.38,23002,yes,"TSP, LLC",Office 365,yes,None,None,tomstout,,,
06/16/23,Expense,Office Expense,Office Expense: Software,06/16/23,13.36,23002,yes,12bytes,Paddle.net,yes,None,None,tomstout,,,
06/18/23,Expense,Equipment,Equipment: Misc,06/18/23,187.82,23002,yes,Airborne Images,Amazon order -Tent,yes,None,None,tomstout,,,
06/20/23,Expense,Office Expense,Office Expense: Software,06/20/23,9.99,23002,yes,"TSP, LLC",Apple iCloud,yes,None,None,tomstout,,,
06/24/23,Expense,Equipment,Equipment: Computer,06/24/23,82.18,23002,yes,"TSP, LLC",Samsung - Monitor,yes,None,None,tomstout,,,
06/26/23,Expense,Travel,Travel: Fuel,06/26/23,57.99,23002,yes,Airborne Images,,yes,Norwalk,"https://hiaq3qfaclhkyp5w2qvjerybtfu-my.sharepoint.com/personal/tom_tom-stout_com/Documents/Apps/Microsoft%20Forms/TSP,%20LLC/Question/image_Tom%20Stout.jpg",tomstout,,,
06/26/23,Expense,Equipment,Equipment: Drone,06/26/23,250.00,23002,yes,Airborne Images,Drone Purchase,yes,Norwalk,https://hiaq3qfaclhkyp5w2qvjerybtfu-my.sharepoint.com/personal/tom_tom-stout_com/_layouts/15/Doc.aspx?sourcedoc=%7B2AF9BA1A-E935-4919-84E2-4CB764EEEA33%7D&file=Invoice%2023-0009_Tom%20Stout.docx&action=default&mobileredirect=true,tomstout,,,
06/26/23,Expense,Travel,Travel: Misc,06/26/23,4.75,23002,yes,Airborne Images,"Norwalk, Toll",yes,Norwalk,None,tomstout,,,
06/26/23,Expense,Travel,Travel: Meals,06/26/23,7.14,23002,yes,Airborne Images,,yes,Norwalk,None,tomstout,,,
06/26/23,Income,Services,Services: Drone,06/26/23,1500.00,23002,yes,Airborne Images,NHRA,yes,Norwalk,None,tomstout,,,
06/26/23,Expense,Insurance,Insurance: Aviation,06/26/23,248.00,23002,yes,Airborne Images,Aviation Insurance,yes,Norwalk,None,tomstout,,,
06/26/23,Expense,Equipment,Equipment: Computer,06/26/23,128.00,23002,yes,"TSP, LLC",Leaseville,yes,None,None,tomstout,,,
06/28/23,Income,Services,Services: Drone,06/28/23,1250.00,23002,yes,Airborne Images,NHRA,yes,NHRA,NA,tomstout,,,
06/28/23,Income,Services,Services: Drone,06/28/23,1250.00,23002,yes,Airborne Images,NHRA,yes,NHRA,NA,tomstout,,,
06/28/23,Expense,Equipment,Equipment: Drone,06/28/23,250.00,23002,yes,Airborne Images,Drone Purchase,yes,NHRA,NA,tomstout,,,
06/28/23,Expense,Equipment,Equipment: Drone,06/28/23,250.00,23002,yes,Airborne Images,Drone Purchase,yes,NHRA,NA,tomstout,,,
06/29/23,Expense,Subscriptions,Subscriptions: Education,06/29/23,49.00,23002,yes,12bytes,Coursera,yes,None,None,tomstout,,,
06/30/23,Expense,Travel,Travel: Flights,06/30/23,32.00,23002,yes,Airborne Images,Denver,yes,Denver,None,tomstout,,,
06/30/23,Expense,Travel,Travel: Flights,06/30/23,127.00,23002,yes,Airborne Images,Checked Bag,yes,Denver,None,tomstout,,,
06/30/23,Expense,Insurance,Insurance: General Liability,06/30/23,295.26,23002,yes,"TSP, LLC",The Hartford Insurance,yes,None,None,tomstout,,,
07/01/23,Expense,Equipment,Equipment: Computer,07/01/23,99.38,23002,yes,"TSP, LLC",iPad,yes,None,NA,tomstout,,,
07/01/23,Expense,Equipment,Equipment: Office,07/01/23,74.40,23002,yes,"TSP, LLC",Cell Phone,yes,None,NA,tomstout,,,
07/01/23,Expense,Office Expense,Office Expense: Software,07/01/23,29.99,23002,yes,"TSP, LLC",Adobe CC,yes,None,NA,tomstout,,,
07/01/23,Expense,Office Expense,Office Expense: Software,07/01/23,9.99,23002,yes,"TSP, LLC",Apple iCloud,yes,None,NA,tomstout,,,
07/01/23,Expense,Office Expense,Office Expense: Software,07/01/23,13.36,23002,yes,"TSP, LLC",Microsoft 365,yes,None,NA,tomstout,,,
07/01/23,Expense,Subscriptions,Subscriptions: Education,07/01/23,29.00,23002,yes,"TSP, LLC",Udemy,yes,None,NA,tomstout,,,
07/01/23,Expense,Equipment,Equipment: Computer,07/01/23,82.08,23002,yes,"TSP, LLC",Samsung,yes,None,NA,tomstout,,,
07/01/23,Expense,Subscriptions,Subscriptions: Web Hosting,07/01/23,17.00,23002,yes,"TSP, LLC",Heroku,yes,None,NA,tomstout,,,
07/01/23,Expense,Utilities,Utilities: Cellular,07/01/23,109.99,23002,yes,"TSP, LLC",FirstNet,yes,None,NA,tomstout,,,
07/01/23,Expense,Equipment,Equipment: Computer,07/01/23,128.00,23002,yes,"TSP, LLC",Leaseville,yes,None,NA,tomstout,,,
07/01/23,Expense,Insurance,Insurance: General Liability,07/01/23,176.84,23002,yes,"TSP, LLC",The Hartford,yes,None,NA,tomstout,,,
07/07/23,Expense,Equipment,Equipment: Drone,07/07/23,234.07,23002,yes,Airborne Images,DJI Mini 3 Pro Batteries,yes,None,"https://hiaq3qfaclhkyp5w2qvjerybtfu-my.sharepoint.com/personal/tom_tom-stout_com/Documents/Apps/Microsoft%20Forms/TSP,%20LLC/Question/image_anonymous%206.jpg",tomstout,,,
07/07/23,Expense,Equipment,Equipment: Drone,07/07/23,972.63,23002,yes,Airborne Images,Mini 3 Pro Drone,yes,None,"https://hiaq3qfaclhkyp5w2qvjerybtfu-my.sharepoint.com/personal/tom_tom-stout_com/Documents/Apps/Microsoft%20Forms/TSP,%20LLC/Question/image_anonymous%205.jpg",tomstout,,,
07/07/23,Expense,Equipment,Equipment: Drone,07/07/23,35.36,23002,yes,Airborne Images,DJI Mini 3 Pro Batterie,yes,None,None,tomstout,,,
07/13/23,Expense,Office Expense,Office Expense: Software,07/13/23,32.16,23002,yes,12Bytes,GoDaddy Domain Renewal,yes,None,None,tomstout,,,
07/14/23,Expense,Subscriptions,Subscriptions: Web Hosting,07/14/23,17.00,23002,yes,12bytes,Website - Heroku,yes,None,None,tomstout,,,
07/14/23,Expense,Office Expense,Office Expense: Software,07/14/23,13.38,23002,yes,"TSP, LLC",Office 365,yes,None,None,tomstout,,,
07/16/23,Expense,Travel,Travel: Meals,07/16/23,10.16,23002,yes,Airborne Images,Denver Race,yes,Denver,"https://hiaq3qfaclhkyp5w2qvjerybtfu-my.sharepoint.com/personal/tom_tom-stout_com/Documents/Apps/Microsoft%20Forms/TSP,%20LLC/Question/image_anonymous%204.jpg",tomstout,,,
07/16/23,Expense,Office Expense,Office Expense: Software,07/16/23,13.36,23002,yes,12bytes,Paddle.net,yes,None,None,tomstout,,,
07/17/23,Expense,Travel,Travel: Flights,07/17/23,35.00,23002,yes,Airborne Images,Denver Race,yes,Denver,"https://hiaq3qfaclhkyp5w2qvjerybtfu-my.sharepoint.com/personal/tom_tom-stout_com/Documents/Apps/Microsoft%20Forms/TSP,%20LLC/Question/image_anonymous%203.jpg",tomstout,,,
07/17/23,Expense,Travel,Travel: Meals,07/17/23,11.14,23002,yes,Airborne Images,,yes,Denver,"https://hiaq3qfaclhkyp5w2qvjerybtfu-my.sharepoint.com/personal/tom_tom-stout_com/Documents/Apps/Microsoft%20Forms/TSP,%20LLC/Question/image_anonymous%202.jpg",tomstout,,,
07/18/23,Expense,Travel,Travel: Flights,07/18/23,98.00,23002,yes,Airborne Images,Seattle Race,yes,Seattle,"https://hiaq3qfaclhkyp5w2qvjerybtfu-my.sharepoint.com/personal/tom_tom-stout_com/Documents/Apps/Microsoft%20Forms/TSP,%20LLC/Question/image_anonymous%201.jpg",tomstout,,,
07/18/23,Expense,Travel,Travel: Flights,07/18/23,116.00,23002,yes,Airborne Images,Seattle Race,yes,Seattle,"https://hiaq3qfaclhkyp5w2qvjerybtfu-my.sharepoint.com/personal/tom_tom-stout_com/Documents/Apps/Microsoft%20Forms/TSP,%20LLC/Question/image_anonymous.jpg",tomstout,,,
07/20/23,Expense,Office Expense,Office Expense: Software,07/20/23,9.99,23002,yes,"TSP, LLC",Apple iCloud,yes,None,None,tomstout,,,
07/24/23,Expense,Equipment,Equipment: Computer,07/24/23,82.18,23002,yes,"TSP, LLC",Samsung - Monitor,yes,None,None,tomstout,,,
07/26/23,Expense,Travel,Travel: Flights,07/26/23,132.00,23002,yes,Airborne Images,,yes,Sonoma,None,tomstout,,,
07/26/23,Expense,Travel,Travel: Flights,07/26/23,52.68,23002,yes,Airborne Images,,yes,Sonoma,None,tomstout,,,
07/26/23,Expense,Equipment,Equipment: Computer,07/26/23,128.00,23002,yes,"TSP, LLC",Leaseville,yes,None,None,tomstout,,,
07/27/23,Expense,Travel,Travel: Meals,07/27/23,23.58,23002,yes,Airborne Images,,yes,Sonoma,None,tomstout,,,
07/27/23,Expense,Travel,Travel: Meals,07/27/23,25.16,23002,yes,Airborne Images,,yes,Sonoma,None,tomstout,,,
07/29/23,Expense,Subscriptions,Subscriptions: Education,07/29/23,49.00,23002,yes,12bytes,Coursera,yes,None,None,tomstout,,,
07/30/23,Expense,Insurance,Insurance: General Liability,07/30/23,144.86,23002,yes,"TSP, LLC",The Hartford Insurance,yes,None,None,tomstout,,,
07/30/23,Expense,Insurance,Insurance: Aviation,07/30/23,156.00,23002,yes,Airborne Images,Aviation Insurance,yes,None,None,tomstout,,,
08/01/23,Income,Services,Services: Drone,08/01/23,1250.00,23002,yes,Airborne Images,NHRA,yes,NHRA,NA,tomstout,,,
08/01/23,Income,Services,Services: Drone,08/01/23,1250.00,23002,yes,Airborne Images,NHRA,yes,NHRA,NA,tomstout,,,
08/01/23,Expense,Equipment,Equipment: Drone,08/01/23,250.00,23002,yes,Airborne Images,Drone Purchase,yes,NHRA,NA,tomstout,,,
08/01/23,Expense,Equipment,Equipment: Drone,08/01/23,250.00,23002,yes,Airborne Images,Drone Purchase,yes,NHRA,NA,tomstout,,,
08/01/23,Expense,Equipment,Equipment: Computer,08/01/23,99.38,23002,yes,"TSP, LLC",iPad,yes,None,NA,tomstout,,,
08/01/23,Expense,Equipment,Equipment: Office,08/01/23,74.40,23002,yes,"TSP, LLC",Cell Phone,yes,None,NA,tomstout,,,
08/01/23,Expense,Office Expense,Office Expense: Software,08/01/23,29.99,23002,yes,"TSP, LLC",Adobe CC,yes,None,NA,tomstout,,,
08/01/23,Expense,Office Expense,Office Expense: Software,08/01/23,9.99,23002,yes,"TSP, LLC",Apple iCloud,yes,None,NA,tomstout,,,
08/01/23,Expense,Office Expense,Office Expense: Software,08/01/23,13.36,23002,yes,"TSP, LLC",Microsoft 365,yes,None,NA,tomstout,,,
08/01/23,Expense,Subscriptions,Subscriptions: Education,08/01/23,29.00,23002,yes,"TSP, LLC",Udemy,yes,None,NA,tomstout,,,
08/01/23,Expense,Equipment,Equipment: Computer,08/01/23,82.08,23002,yes,"TSP, LLC",Samsung,yes,None,NA,tomstout,,,
08/01/23,Expense,Subscriptions,Subscriptions: Web Hosting,08/01/23,17.00,23002,yes,"TSP, LLC",Heroku,yes,None,NA,tomstout,,,
08/01/23,Expense,Utilities,Utilities: Cellular,08/01/23,109.99,23002,yes,"TSP, LLC",FirstNet,yes,None,NA,tomstout,,,
08/01/23,Expense,Equipment,Equipment: Computer,08/01/23,128.00,23002,yes,"TSP, LLC",Leaseville,yes,None,NA,tomstout,,,
08/01/23,Expense,Insurance,Insurance: General Liability,08/01/23,176.84,23002,yes,"TSP, LLC",The Hartford,yes,None,NA,tomstout,,,
08/14/23,Expense,Office Expense,Office Expense: Web Hosting,08/14/23,17.00,23002,yes,12bytes,Website - Heroku,yes,None,None,tomstout,,,
08/14/23,Expense,Office Expense,Office Expense: Software,08/14/23,13.38,23002,yes,"TSP, LLC",Office 365,yes,None,None,tomstout,,,
08/16/23,Expense,Office Expense,Office Expense: Software,08/16/23,13.36,23002,yes,12bytes,Paddle.net,yes,None,None,tomstout,,,
08/20/23,Expense,Office Expense,Office Expense: Software,08/20/23,9.99,23002,yes,"TSP, LLC",Apple iCloud,yes,None,None,tomstout,,,
08/23/23,Income,Services,Services: Drone,08/23/23,1298.02,23002,yes,Airborne Images,NHRA,yes,NHRA,NA,tomstout,,,
08/23/23,Expense,Equipment,Equipment: Drone,08/23/23,250.00,23002,yes,Airborne Images,Drone Purchase,yes,NHRA,NA,tomstout,,,
08/24/23,Expense,Equipment,Equipment: Computer,08/24/23,82.18,23002,yes,"TSP, LLC",Samsung - Monitor,yes,None,None,tomstout,,,
08/26/23,Expense,Equipment,Equipment: Computer,08/26/23,128.00,23002,yes,"TSP, LLC",Leaseville,yes,None,None,tomstout,,,
08/29/23,Expense,Subscriptions,Subscriptions: Education,08/29/23,49.00,23002,yes,12bytes,Coursera,yes,None,None,tomstout,,,
08/30/23,Expense,Insurance,Insurance: General Liability,08/30/23,144.86,23002,yes,"TSP, LLC",The Hartford Insurance,yes,None,None,tomstout,,,
08/30/23,Expense,Insurance,Insurance: Aviation,08/30/23,156.00,23002,yes,Airborne Images,Aviation Insurance,yes,None,None,tomstout,,,
09/01/23,Expense,Equipment,Equipment: Computer,09/01/23,99.38,23002,yes,"TSP, LLC",iPad,yes,None,NA,tomstout,,,
09/01/23,Expense,Equipment,Equipment: Office,09/01/23,74.40,23002,yes,"TSP, LLC",Cell Phone,yes,None,NA,tomstout,,,
09/01/23,Expense,Office Expense,Office Expense: Software,09/01/23,29.99,23002,yes,"TSP, LLC",Adobe CC,yes,None,NA,tomstout,,,
09/01/23,Expense,Office Expense,Office Expense: Software,09/01/23,9.99,23002,yes,"TSP, LLC",Apple iCloud,yes,None,NA,tomstout,,,
09/01/23,Expense,Office Expense,Office Expense: Software,09/01/23,13.36,23002,yes,"TSP, LLC",Microsoft 365,yes,None,NA,tomstout,,,
09/01/23,Expense,Subscriptions,Subscriptions: Education,09/01/23,29.00,23002,yes,"TSP, LLC",Udemy,yes,None,NA,tomstout,,,
09/01/23,Expense,Equipment,Equipment: Computer,09/01/23,82.08,23002,yes,"TSP, LLC",Samsung,yes,None,NA,tomstout,,,
09/01/23,Expense,Office Expense,Office Expense: Web Hosting,09/01/23,17.00,23002,yes,"TSP, LLC",Heroku,yes,None,NA,tomstout,,,
09/01/23,Expense,Utilities,Utilities: Cellular,09/01/23,109.99,23002,yes,"TSP, LLC",FirstNet,yes,None,NA,tomstout,,,
09/01/23,Expense,Equipment,Equipment: Computer,09/01/23,128.00,23002,yes,"TSP, LLC",Leaseville,yes,None,NA,tomstout,,,
09/01/23,Expense,Insurance,Insurance: General Liability,09/01/23,176.84,23002,yes,"TSP, LLC",The Hartford,yes,None,NA,tomstout,,,
09/05/23,Income,Services,Services: Drone,09/05/23,1250.00,23002,yes,Airborne Images,NHRA,yes,NHRA,NA,tomstout,,,
09/05/23,Income,Services,Services: Drone,09/05/23,1250.00,23002,yes,Airborne Images,NHRA,yes,NHRA,NA,tomstout,,,
09/05/23,Expense,Equipment,Equipment: Drone,09/05/23,250.00,23002,yes,Airborne Images,Drone Purchase,yes,NHRA,NA,tomstout,,,
09/05/23,Expense,Equipment,Equipment: Drone,09/05/23,250.00,23002,yes,Airborne Images,Drone Purchase,yes,NHRA,NA,tomstout,,,
09/13/23,Expense,Travel,Travel: Flights,09/13/23,30.00,23002,yes,Airborne Images,Reading,yes,Reading,None,tomstout,,,
09/14/23,Expense,Office Expense,Office Expense: Web Hosting,09/14/23,17.00,23002,yes,12bytes,Website - Heroku,yes,None,None,tomstout,,,
09/14/23,Expense,Office Expense,Office Expense: Software,09/14/23,13.38,23002,yes,"TSP, LLC",Office 365,yes,None,None,tomstout,,,
09/16/23,Expense,Office Expense,Office Expense: Software,09/16/23,13.36,23002,yes,12bytes,Paddle.net,yes,None,None,tomstout,,,
09/19/23,Income,Services,Services: Drone,09/19/23,1310.19,23002,yes,Airborne Images,NHRA,yes,NHRA,NA,tomstout,,,
09/19/23,Expense,Equipment,Equipment: Drone,09/19/23,250.00,23002,yes,Airborne Images,Drone Purchase,yes,NHRA,NA,tomstout,,,
09/20/23,Expense,Office Expense,Office Expense: Software,09/20/23,9.99,23002,yes,"TSP, LLC",Apple iCloud,yes,None,None,tomstout,,,
09/24/23,Expense,Equipment,Equipment: Computer,09/24/23,82.18,23002,yes,"TSP, LLC",Samsung - Monitor,yes,None,None,tomstout,,,
09/25/23,Income,Services,Services: Drone,09/25/23,1250.00,23002,yes,Airborne Images,NHRA,yes,NHRA,NA,tomstout,,,
09/25/23,Expense,Equipment,Equipment: Drone,09/25/23,250.00,23002,yes,Airborne Images,Drone Purchase,yes,NHRA,NA,tomstout,,,
09/26/23,Expense,Equipment,Equipment: Computer,09/26/23,128.00,23002,yes,"TSP, LLC",Leaseville,yes,None,None,tomstout,,,
09/29/23,Expense,Subscriptions,Subscriptions: Education,09/29/23,49.00,23002,yes,12bytes,Coursera,yes,None,None,tomstout,,,
09/30/23,Expense,Insurance,Insurance: General Liability,09/30/23,144.86,23002,yes,"TSP, LLC",The Hartford Insurance,yes,None,None,tomstout,,,
09/30/23,Expense,Insurance,Insurance: Aviation,09/30/23,156.00,23002,yes,Airborne Images,Aviation Insurance,yes,None,None,tomstout,,,
10/01/23,Expense,Equipment,Equipment: Computer,10/01/23,99.38,23002,yes,"TSP, LLC",iPad,yes,None,NA,tomstout,,,
10/01/23,Expense,Equipment,Equipment: Office,10/01/23,74.40,23002,yes,"TSP, LLC",Cell Phone,yes,None,NA,tomstout,,,
10/01/23,Expense,Office Expense,Office Expense: Software,10/01/23,29.99,23002,yes,"TSP, LLC",Adobe CC,yes,None,NA,tomstout,,,
10/01/23,Expense,Office Expense,Office Expense: Software,10/01/23,9.99,23002,yes,"TSP, LLC",Apple iCloud,yes,None,NA,tomstout,,,
10/01/23,Expense,Office Expense,Office Expense: Software,10/01/23,13.36,23002,yes,"TSP, LLC",Microsoft 365,yes,None,NA,tomstout,,,
10/01/23,Expense,Subscriptions,Subscriptions: Education,10/01/23,29.00,23002,yes,"TSP, LLC",Udemy,yes,None,NA,tomstout,,,
10/01/23,Expense,Equipment,Equipment: Computer,10/01/23,82.08,23002,yes,"TSP, LLC",Samsung,yes,None,NA,tomstout,,,
10/01/23,Expense,Office Expense,Office Expense: Web Hosting,10/01/23,17.00,23002,yes,"TSP, LLC",Heroku,yes,None,NA,tomstout,,,
10/01/23,Expense,Utilities,Utilities: Cellular,10/01/23,109.99,23002,yes,"TSP, LLC",FirstNet,yes,None,NA,tomstout,,,
10/01/23,Expense,Equipment,Equipment: Computer,10/01/23,128.00,23002,yes,"TSP, LLC",Leaseville,yes,None,NA,tomstout,,,
10/01/23,Expense,Insurance,Insurance: General Liability,10/01/23,176.84,23002,yes,"TSP, LLC",The Hartford,yes,None,NA,tomstout,,,
10/02/23,Income,Services,Services: Drone,10/02/23,1374.00,23002,yes,Airborne Images,NHRA,yes,NHRA,NA,tomstout,,,
10/02/23,Expense,Equipment,Equipment: Drone,10/02/23,250.00,23002,yes,Airborne Images,Drone Purchase,yes,NHRA,NA,tomstout,,,
10/14/23,Expense,Office Expense,Office Expense: Web Hosting,10/14/23,17.00,23002,yes,12bytes,Website - Heroku,yes,None,None,tomstout,,,
10/14/23,Expense,Office Expense,Office Expense: Software,10/14/23,13.38,23002,yes,"TSP, LLC",Office 365,yes,None,None,tomstout,,,
10/16/23,Expense,Office Expense,Office Expense: Software,10/16/23,13.36,23002,yes,12bytes,Paddle.net,yes,None,None,tomstout,,,
10/17/23,Income,Services,Services: Drone,10/17/23,1309.26,23002,yes,Airborne Images,NHRA,yes,NHRA,NA,tomstout,,,
10/17/23,Expense,Equipment,Equipment: Drone,10/17/23,250.00,23002,yes,Airborne Images,Drone Purchase,yes,NHRA,NA,tomstout,,,
10/20/23,Expense,Office Expense,Office Expense: Software,10/20/23,9.99,23002,yes,"TSP, LLC",Apple iCloud,yes,None,None,tomstout,,,
10/24/23,Expense,Equipment,Equipment: Computer,10/24/23,82.18,23002,yes,"TSP, LLC",Samsung - Monitor,yes,None,None,tomstout,,,
10/26/23,Expense,Travel,Travel: Meals,10/26/23,17.32,23002,yes,Airborne Images,,yes,NHRA,NA,tomstout,,,
10/26/23,Expense,Travel,Travel: Meals,10/26/23,40.07,23002,yes,Airborne Images,,yes,NHRA,NA,tomstout,,,
10/26/23,Expense,Equipment,Equipment: Computer,10/26/23,128.00,23002,yes,"TSP, LLC",Leaseville,yes,None,None,tomstout,,,
10/29/23,Expense,Subscriptions,Subscriptions: Education,10/29/23,49.00,23002,yes,12bytes,Coursera,yes,None,None,tomstout,,,
10/30/23,Expense,Insurance,Insurance: General Liability,10/30/23,144.86,23002,yes,"TSP, LLC",The Hartford Insurance,yes,None,None,tomstout,,,
10/30/23,Expense,Insurance,Insurance: Aviation,10/30/23,156.00,23002,yes,Airborne Images,Aviation Insurance,yes,None,None,tomstout,,,
11/01/23,Expense,Equipment,Equipment: Computer,11/01/23,99.38,23002,yes,"TSP, LLC",iPad,yes,None,NA,tomstout,,,
11/01/23,Expense,Equipment,Equipment: Office,11/01/23,74.40,23002,yes,"TSP, LLC",Cell Phone,yes,None,NA,tomstout,,,
11/01/23,Expense,Office Expense,Office Expense: Software,11/01/23,29.99,23002,yes,"TSP, LLC",Adobe CC,yes,None,NA,tomstout,,,
11/01/23,Expense,Office Expense,Office Expense: Software,11/01/23,9.99,23002,yes,"TSP, LLC",Apple iCloud,yes,None,NA,tomstout,,,
11/01/23,Expense,Office Expense,Office Expense: Software,11/01/23,13.36,23002,yes,"TSP, LLC",Microsoft 365,yes,None,NA,tomstout,,,
11/01/23,Expense,Subscriptions,Subscriptions: Education,11/01/23,29.00,23002,yes,"TSP, LLC",Udemy,yes,None,NA,tomstout,,,
11/01/23,Expense,Equipment,Equipment: Computer,11/01/23,82.08,23002,yes,"TSP, LLC",Samsung,yes,None,NA,tomstout,,,
11/01/23,Expense,Office Expense,Office Expense: Web Hosting,11/01/23,17.00,23002,yes,"TSP, LLC",Heroku,yes,None,NA,tomstout,,,
11/01/23,Expense,Utilities,Utilities: Cellular,11/01/23,109.99,23002,yes,"TSP, LLC",FirstNet,yes,None,NA,tomstout,,,
11/01/23,Expense,Equipment,Equipment: Computer,11/01/23,128.00,23002,yes,"TSP, LLC",Leaseville,yes,None,NA,tomstout,,,
11/01/23,Expense,Insurance,Insurance: General Liability,11/01/23,176.84,23002,yes,"TSP, LLC",The Hartford,yes,None,NA,tomstout,,,
11/03/23,Income,Services,Services: Drone,11/03/23,1281.70,23002,yes,Airborne Images,NHRA,yes,NHRA,NA,tomstout,,,
11/03/23,Expense,Equipment,Equipment: Drone,11/03/23,250.00,23002,yes,Airborne Images,Drone Purchase,yes,NHRA,NA,tomstout,,,
11/14/23,Income,Services,Services: Drone,11/14/23,1298.06,23002,yes,Airborne Images,NHRA,yes,NHRA,NA,tomstout,,,
11/14/23,Expense,Office Expense,Office Expense: Web Hosting,11/14/23,17.00,23002,yes,12bytes,Website - Heroku,yes,None,None,tomstout,,,
11/14/23,Expense,Office Expense,Office Expense: Software,11/14/23,13.38,23002,yes,"TSP, LLC",Office 365,yes,None,None,tomstout,,,
11/14/23,Expense,Equipment,Equipment: Drone,11/14/23,250.00,23002,yes,Airborne Images,Drone Purchase,yes,None,None,tomstout,,,
11/16/23,Expense,Office Expense,Office Expense: Software,11/16/23,13.36,23002,yes,12bytes,Paddle.net,yes,None,None,tomstout,,,
11/20/23,Expense,Office Expense,Office Expense: Software,11/20/23,9.99,23002,yes,"TSP, LLC",Apple iCloud,yes,None,None,tomstout,,,
11/24/23,Expense,Equipment,Equipment: Computer,11/24/23,82.18,23002,yes,"TSP, LLC",Samsung - Monitor,yes,None,None,tomstout,,,
11/26/23,Expense,Equipment,Equipment: Computer,11/26/23,128.00,23002,yes,"TSP, LLC",Leaseville,yes,None,None,tomstout,,,
11/29/23,Expense,Subscriptions,Subscriptions: Education,11/29/23,49.00,23002,yes,12bytes,Coursera,yes,None,None,tomstout,,,
11/30/23,Expense,Insurance,Insurance: General Liability,11/30/23,144.86,23002,yes,"TSP, LLC",The Hartford Insurance,yes,None,None,tomstout,,,
11/30/23,Expense,Insurance,Insurance: Aviation,11/30/23,156.00,23002,yes,Airborne Images,Aviation Insurance,yes,None,None,tomstout,,,
12/01/23,Expense,Equipment,Equipment: Computer,12/01/23,99.38,23002,yes,"TSP, LLC",iPad,yes,None,NA,tomstout,,,
12/01/23,Expense,Equipment,Equipment: Office,12/01/23,74.40,23002,yes,"TSP, LLC",Cell Phone,yes,None,NA,tomstout,,,
12/01/23,Expense,Office Expense,Office Expense: Software,12/01/23,29.99,23002,yes,"TSP, LLC",Adobe CC,yes,None,NA,tomstout,,,
12/01/23,Expense,Office Expense,Office Expense: Software,12/01/23,9.99,23002,yes,"TSP, LLC",Apple iCloud,yes,None,NA,tomstout,,,
12/01/23,Expense,Office Expense,Office Expense: Software,12/01/23,13.36,23002,yes,"TSP, LLC",Microsoft 365,yes,None,NA,tomstout,,,
12/01/23,Expense,Subscriptions,Subscriptions: Education,12/01/23,29.00,23002,yes,"TSP, LLC",Udemy,yes,None,NA,tomstout,,,
12/01/23,Expense,Equipment,Equipment: Computer,12/01/23,82.08,23002,yes,"TSP, LLC",Samsung,yes,None,NA,tomstout,,,
12/01/23,Expense,Office Expense,Office Expense: Web Hosting,12/01/23,17.00,23002,yes,"TSP, LLC",Heroku,yes,None,NA,tomstout,,,
12/01/23,Expense,Utilities,Utilities: Cellular,12/01/23,109.99,23002,yes,"TSP, LLC",FirstNet,yes,None,NA,tomstout,,,
12/01/23,Expense,Equipment,Equipment: Computer,12/01/23,128.00,23002,yes,"TSP, LLC",Leaseville,yes,None,NA,tomstout,,,
12/01/23,Expense,Insurance,Insurance: General Liability,12/01/23,176.84,23002,yes,"TSP, LLC",The Hartford,yes,None,NA,tomstout,,,
12/14/23,Expense,Office Expense,Office Expense: Web Hosting,12/14/23,17.00,23002,yes,12bytes,Website - Heroku,yes,None,None,tomstout,,,
12/14/23,Expense,Office Expense,Office Expense: Software,12/14/23,13.38,23002,yes,"TSP, LLC",Office 365,yes,None,None,tomstout,,,
12/16/23,Expense,Office Expense,Office Expense: Software,12/16/23,13.36,23002,yes,12bytes,Paddle.net,yes,None,None,tomstout,,,
12/20/23,Expense,Office Expense,Office Expense: Software,12/20/23,9.99,23002,yes,"TSP, LLC",Apple iCloud,yes,None,None,tomstout,,,
12/24/23,Expense,Equipment,Equipment: Computer,12/24/23,82.18,23002,yes,"TSP, LLC",Samsung - Monitor,yes,None,None,tomstout,,,
12/26/23,Expense,Equipment,Equipment: Computer,12/26/23,128.00,23002,yes,"TSP, LLC",Leaseville,yes,None,None,tomstout,,,
12/29/23,Expense,Subscriptions,Subscriptions: Education,12/29/23,49.00,23002,yes,12bytes,Coursera,yes,None,None,tomstout,,,
12/30/23,Expense,Insurance,Insurance: General Liability,12/30/23,144.86,23002,yes,"TSP, LLC",The Hartford Insurance,yes,None,None,tomstout,,,
12/30/23,Expense,Insurance,Insurance: Aviation,12/30/23,156.00,23002,yes,Airborne Images,Aviation Insurance,yes,None,None,tomstout,,,
01/09/24,Expense,Equipment,Equipment: Computer,01/09/24,128.00,240999,yes,"TSP, LLC",Leaseville,yes,None,None,tomstout,,,
01/12/24,Expense,Office Expense,Office Expense: Software,01/12/24,13.38,240999,yes,"TSP, LLC",Office 365,yes,None,None,tomstout,,,
01/12/24,Expense,Office Expense,Office Expense: Software,01/12/24,9.99,240999,yes,"TSP, LLC",Apple iCloud,yes,None,None,tomstout,,,
01/12/24,Expense,Subscriptions,Subscriptions: Professional,01/12/24,42.79,240999,yes,"TSP, LLC",LinkedIn,yes,None,None,tomstout,,,
01/14/24,Expense,Office Expense,Office Expense: Web Hosting,01/14/24,17.00,240999,yes,"TSP, LLC",Website - Heroku,yes,None,None,tomstout,,,
01/22/24,Expense,Office Expense,Office Expense: Software,01/22/24,13.36,240999,yes,"TSP, LLC",Paddle.Net,yes,None,None,tomstout,,,
01/24/24,Expense,Equipment,Equipment: Computer,01/24/24,82.18,240999,yes,"TSP, LLC",Samsung - Monitor,yes,None,None,tomstout,,,
01/30/24,Expense,Subscriptions,Subscriptions: Education,01/30/24,49.00,240999,yes,"TSP, LLC",Coursera,yes,None,None,tomstout,,,
01/30/24,Expense,Insurance,Insurance: General Liability,01/30/24,144.86,240999,yes,"TSP, LLC",The Hartford Insurance,yes,None,None,tomstout,,,
02/05/24,Expense,Office Expense,Office Expense: Software,02/05/24,5.00,240999,yes,"TSP, LLC",Gumroad Software,yes,None,None,tomstout,,,
02/05/24,Expense,Legal & Professional,Legal & Professional: Licenses & Fees,02/05/24,5.00,240999,yes,Airborne Images,FAA Drone Registration,yes,None,None,tomstout,,,
02/09/24,Expense,Equipment,Equipment: Computer,02/09/24,128.00,240999,yes,"TSP, LLC",Leaseville,yes,None,None,tomstout,,,
02/12/24,Expense,Office Expense,Office Expense: Software,02/12/24,13.38,240999,yes,"TSP, LLC",Office 365,yes,None,None,tomstout,,,
02/12/24,Expense,Office Expense,Office Expense: Software,02/12/24,9.99,240999,yes,"TSP, LLC",Apple iCloud,yes,None,None,tomstout,,,
02/12/24,Expense,Subscriptions,Subscriptions: Professional,02/12/24,42.79,240999,yes,"TSP, LLC",LinkedIn,yes,None,None,tomstout,,,
02/14/24,Expense,Office Expense,Office Expense: Web Hosting,02/14/24,17.00,240999,yes,"TSP, LLC",Website - Heroku,yes,None,None,tomstout,,,
02/15/24,Expense,Equipment,Equipment: Computer,02/15/24,99.38,240999,yes,"TSP, LLC",iPad,yes,None,NA,tomstout,,,
02/15/24,Expense,Equipment,Equipment: Office,02/15/24,74.40,240999,yes,"TSP, LLC",Cell Phone,yes,None,NA,tomstout,,,
02/15/24,Expense,Equipment,Equipment: Computer,02/15/24,99.38,240999,yes,"TSP, LLC",iPad,yes,None,NA,tomstout,,,
02/15/24,Expense,Equipment,Equipment: Office,02/15/24,74.40,240999,yes,"TSP, LLC",Cell Phone,yes,None,NA,tomstout,,,
02/22/24,Expense,Office Expense,Office Expense: Software,02/22/24,13.36,240999,yes,"TSP, LLC",Paddle.Net,yes,None,None,tomstout,,,
02/24/24,Expense,Equipment,Equipment: Computer,02/24/24,82.18,240999,yes,"TSP, LLC",Samsung - Monitor,yes,None,None,tomstout,,,
02/28/24,Expense,Subscriptions,Subscriptions: Education,02/28/24,49.00,240999,yes,"TSP, LLC",Coursera,yes,None,None,tomstout,,,
02/28/24,Expense,Insurance,Insurance: General Liability,02/28/24,144.86,240999,yes,"TSP, LLC",The Hartford Insurance,yes,None,None,tomstout,,,
03/07/24,Income,Services,Services: Photography,03/07/24,400.00,240999,yes,Tom Stout Photography,DRE Portraits,yes,None,PNC Deposit,tomstout,,,
03/21/24,Expense,Travel,Travel: Flights,03/21/24,30.00,240016,yes,Airborne Images,Pomona I,yes,Pomona I,NA,tomstout,,,
03/21/24,Expense,Equipment,Equipment: Office,03/21/24,74.40,240999,yes,"TSP, LLC",Cell Phone,yes,None,NA,tomstout,,,
03/21/24,Expense,Office Expense,Office Expense: Software,03/21/24,29.99,240999,yes,"TSP, LLC",Adobe CC,yes,None,NA,tomstout,,,
03/21/24,Expense,Office Expense,Office Expense: Software,03/21/24,9.99,240999,yes,"TSP, LLC",Apple iCloud,yes,None,NA,tomstout,,,
03/21/24,Expense,Office Expense,Office Expense: Software,03/21/24,13.36,240999,yes,"TSP, LLC",Microsoft 365,yes,None,NA,tomstout,,,
03/21/24,Expense,Subscriptions,Subscriptions: Education,03/21/24,29.00,240999,yes,"TSP, LLC",Udemy,yes,None,NA,tomstout,,,
03/21/24,Expense,Equipment,Equipment: Computer,03/21/24,82.08,240999,yes,"TSP, LLC",Samsung,yes,None,NA,tomstout,,,
03/21/24,Expense,Office Expense,Office Expense: Web Hosting,03/21/24,17.00,240999,yes,"TSP, LLC",Heroku,yes,None,NA,tomstout,,,
03/21/24,Expense,Utilities,Utilities: Cellular,03/21/24,109.99,240999,yes,"TSP, LLC",FirstNet,yes,None,NA,tomstout,,,
03/21/24,Expense,Equipment,Equipment: Computer,03/21/24,128.00,240999,yes,"TSP, LLC",Leaseville,yes,None,NA,tomstout,,,
03/21/24,Expense,Insurance,Insurance: General Liability,03/21/24,161.36,240999,yes,"TSP, LLC",The Hartford,yes,None,NA,tomstout,,,
03/22/24,Expense,Travel,Travel: Meals,03/22/24,10.72,240016,yes,Airborne Images,Pomona I,yes,Pomona I,Blaze CC,tomstout,,,
03/22/24,Expense,Travel,Travel: Fuel,03/22/24,49.78,240016,yes,Airborne Images,Pomona I,yes,Pomona I,/Volumes/Business/TSP/_Financial/2024/Invoices/240016_NHRA.pdf,tomstout,,,
03/23/24,Expense,Travel,Travel: Meals,03/23/24,13.20,240016,yes,Airborne Images,Pomona I,yes,Pomona I,Blaze CC,tomstout,,,
3/27/24, Expense ,Office Expense,Office Expense: Advertising,03/27/24,180.11,240999,yes,"TSP, LLC",Google Ads,yes,None,Blaze CC,tomstout,,,
04/08/24,Expense,Travel,Travel: Meals,04/08/24,28.59,240018,yes,Airborne Images,Phoenix,yes,Phoenix,/volumes/TSP/_FINANCIAL/2024/Receipts/PHX_Meal.jpeg,tomstout,,,
04/08/24,Expense,Travel,Travel: Fuel,04/08/24,27.99,240018,yes,Airborne Images,Phoenix,yes,Phoenix,/volumes/TSP/_FINANCIAL/2024/Receipts/PHX_Gas.jpeg,tomstout,,,
04/10/24,Income,Services,Services: Drone,04/10/24,1335.79,240015,yes,Airborne Images,Gainsville,yes,Gainesville,PNC Deposit,tomstout,,,
04/10/24,Expense,Equipment,Equipment: Computer,04/10/24,99.38,240999,yes,"TSP, LLC",iPad,yes,None,NA,tomstout,,,
04/10/24,Expense,Equipment,Equipment: Office,04/10/24,74.40,240999,yes,"TSP, LLC",Cell Phone,yes,None,NA,tomstout,,,
04/10/24,Expense,Office Expense,Office Expense: Software,04/10/24,29.99,240999,yes,"TSP, LLC",Adobe CC,yes,None,NA,tomstout,,,
04/10/24,Expense,Office Expense,Office Expense: Software,04/10/24,9.99,240999,yes,"TSP, LLC",Apple iCloud,yes,None,NA,tomstout,,,
04/10/24,Expense,Office Expense,Office Expense: Software,04/10/24,13.36,240999,yes,"TSP, LLC",Microsoft 365,yes,None,NA,tomstout,,,
04/10/24,Expense,Subscriptions,Subscriptions: Education,04/10/24,29.00,240999,yes,"TSP, LLC",Udemy,yes,None,NA,tomstout,,,
04/10/24,Expense,Equipment,Equipment: Computer,04/10/24,82.08,240999,yes,"TSP, LLC",Samsung,yes,None,NA,tomstout,,,
04/10/24,Expense,Office Expense,Office Expense: Web Hosting,04/10/24,17.00,240999,yes,"TSP, LLC",Heroku,yes,None,NA,tomstout,,,
04/10/24,Expense,Utilities,Utilities: Cellular,04/10/24,109.99,240999,yes,"TSP, LLC",FirstNet,yes,None,NA,tomstout,,,
04/10/24,Expense,Equipment,Equipment: Computer,04/10/24,128.00,240999,yes,"TSP, LLC",Leaseville,yes,None,NA,tomstout,,,
04/10/24,Expense,Insurance,Insurance: General Liability,04/10/24,143.61,240999,yes,"TSP, LLC",The Hartford,yes,None,NA,tomstout,,,
04/14/24,Expense,Travel,Travel: Fuel,04/14/24,61.87,240019,yes,Airborne Images,Vegas I,yes,Vegas I,Capital One CC,tomstout,,,
4/15/24, Expense ,Travel,Travel: Flights,04/15/24,74.04,240019,yes,Airborne Images,Vegas I - Flights,yes,Veas I,Capital One CC,tomstout,,,
4/16/24, Expense ,Travel,Travel: Meals,04/16/24,25.30,240019,yes,Airborne Images,Vegas I - Meals,yes,Veas I,Capital One CC,tomstout,,,
4/16/24, Expense ,Travel,Travel: Meals,04/16/24,44.48,240019,yes,Airborne Images,Vegas I - Meals,yes,Veas I,Capital One CC,tomstout,,,
04/16/24,Expense,Equipment,Equipment: Drone,04/16/24,1389.93,240999,yes,Airborne Images,Mavic 3 Classic Drone Kit - Roberts,yes,None,/volumes/TSP/_FINANCIAL/2024/Receipts/mavic_3_classic.pdf,tomstout,,,
04/16/24,Expense,Equipment,Equipment: Photography,04/16/24,74.85,240999,yes,Tom Stout Photography,Camera Neck Strap - Roberts,yes,None,/volumes/TSP/_FINANCIAL/2024/Receipts/camera_strap.pdf,tomstout,,,
4/17/24, Expense , Travel , Travel: Meals ,04/17/24,17.68,240018,yes,Airborne Images,Phoenix - Meals,yes,Phoenix,Capital One CC,tomstout,,,
04/18/24,Income,Services,Services: Photography,04/18/24,500.00,240020,yes,Tom Stout Photography,Wedding Deposit - Drinkwater,yes,None,Stripe Payment,tomstout,,,
04/18/24,Expense,Office Expense,Office Expense: Stripe Fees,04/18/24,14.80,240020,yes,Tom Stout Photography,Drinkwater Wedding,yes,None,Stripe fee for Drinkwater Wedding Deposit,tomstout,,,
04/23/24,Income,Services,Services: Drone,04/23/24,1299.78,240016,yes,Airborne Images,Pomona I,yes,Pomona I,NA,tomstout,,,
4/26/24, Expense , Travel , Travel: Fuel ,04/26/24,56.10,240025,yes,Airborne Images,Charlotte I Gas,yes,Charlotte I,Capital One CC,tomstout,,,
4/29/24,Expense,Travel,Travel: Fuel,04/29/24,11.42,240025,yes,Airborne Images,Charlotte I Gas,yes,Charlotte I,Blaze CC,tomstout,,,
4/29/24,Expense,Travel,Travel: Fuel,04/29/24,18.94,240025,yes,Airborne Images,Charlotte I Gas,yes,Charlotte I,Blaze CC,tomstout,,,
4/30/24,Expense,Travel,Travel: Car,04/30/24,251.03,240025,yes,Airborne Images,Charlotte I Car,yes,Charlotte I,Blaze CC,tomstout,,,
5/1/24, Expense , Travel , Travel: Fuel ,05/01/24,42.86,240047,yes,Airborne Images,Norwalk - Gas,yes,Norwalk,Capital One CC,tomstout,,,
05/04/24,Expense,Office Expense,Office Expense: Software,05/04/24,54.00,240999,yes,Tom Stout Photography,PS & LR Editing software,yes,None,Email,tomstout,,,
05/06/24,Expense,Travel,Travel: Flights,05/06/24,248.60,240049,yes,Airborne Images,Sonoma Air,yes,Sonoma,PNC Debit,tomstout,,,
05/06/24,Expense,Travel,Travel: Flights,05/06/24,17.99,240049,yes,Airborne Images,Sonoma Air,yes,Sonoma,PNC Debit,tomstout,,,
05/06/24,Expense,Travel,Travel: Flights,05/06/24,13.99,240049,yes,Airborne Images,Sonoma Air,yes,Sonoma,PNC Debit,tomstout,,,
05/06/24,Expense,Travel,Travel: Flights,05/06/24,68.00,240999,yes,Airborne Images,Minnesota,yes,None,PNC Debit,tomstout,,,
05/06/24,Expense,Subscriptions,Subscriptions: Education,05/06/24,54.00,240999,yes,Tom Stout Photography,Serge Remelle Software Training,yes,None,PNC Debit,tomstout,,,
05/08/24,Expense,Equipment,Equipment: Maintenance & Repairs,05/08/24,315.00,240999,yes,Airborne Images,Mavic 3 Repair,yes,None,PNC Debit,tomstout,,,
05/08/24,Expense,Travel,Travel: Car,05/08/24,251.03,240999,yes,Airborne Images,,yes,Sonoma,Blaze CC,tomstout,,,
05/09/24,Expense,Insurance,Insurance: General Liability,05/09/24,143.61,240999,yes,"TSP, LLC",The Hartford,yes,None,NA,tomstout,,,
05/09/24,Expense,Office Expense,Office Expense: Stripe Fees,05/09/24,6.08,240027,yes,Tom Stout Photography,Senior Portraits - Langemeier,yes,None,NA,tomstout,,,
05/09/24,Income,Services,Services: Photography,05/09/24,175.00,240027,yes,Tom Stout Photography,Senior Portraits - Langemeier,yes,None,file:///Volumes/Business/TSP/_FINANCIAL/2024/Invoices/240027_Jacob_Langemeier.pdf,tomstout,,,
05/09/24,Income,Services,Services: Drone,05/09/24,1277.99,240018,yes,Airborne Images,Phoenix,yes,Phoenix,Deposited to PNC,tomstout,,,
05/10/24,Expense,Subscriptions,Subscriptions: Education,05/10/24,397.00,240999,yes,Airborne Images,Drone Launch Academy,yes,None,PNC Debit Card,tomstout,,,
05/13/24,Expense,Equipment,Equipment: Computer,05/13/24,99.38,240999,yes,"TSP, LLC",iPad,yes,None,NA,tomstout,,,
05/13/24,Expense,Equipment,Equipment: Office,05/13/24,74.40,240999,yes,"TSP, LLC",Cell Phone,yes,None,NA,tomstout,,,
05/13/24,Expense,Office Expense,Office Expense: Software,05/13/24,29.99,240999,yes,"TSP, LLC",Adobe CC,yes,None,NA,tomstout,,,
05/13/24,Expense,Office Expense,Office Expense: Software,05/13/24,9.99,240999,yes,"TSP, LLC",Apple iCloud,yes,None,NA,tomstout,,,
05/13/24,Expense,Office Expense,Office Expense: Software,05/13/24,13.36,240999,yes,"TSP, LLC",Microsoft 365,yes,None,NA,tomstout,,,
05/13/24,Expense,Subscriptions,Subscriptions: Education,05/13/24,29.00,240999,yes,"TSP, LLC",Udemy,yes,None,NA,tomstout,,,
05/13/24,Expense,Equipment,Equipment: Computer,05/13/24,82.08,240999,yes,"TSP, LLC",Samsung,yes,None,NA,tomstout,,,
05/13/24,Expense,Office Expense,Office Expense: Web Hosting,05/13/24,17.00,240999,yes,"TSP, LLC",Heroku,yes,None,NA,tomstout,,,
05/13/24,Expense,Utilities,Utilities: Cellular,05/13/24,109.99,240999,yes,"TSP, LLC",FirstNet,yes,None,NA,tomstout,,,
05/13/24,Expense,Equipment,Equipment: Computer,05/13/24,128.00,240999,yes,"TSP, LLC",Leaseville,yes,None,NA,tomstout,,,
05/14/24,Income,Services,Services: Drone,05/14/24,1311.87,240019,yes,Airborne Images,Vegas I,yes,Vegas I,PNC Deposit,tomstout,,,
05/16/24,Expense,Equipment,Equipment: Drone,05/16/24,239.00,240999,yes,Airborne Images,DJI Care Refresh for Mavic 3 Pro,yes,None,PNC Debit Card,tomstout,,,
05/16/24,Expense,Legal & Professional,Legal & Professional: Licenses & Fees,05/16/24,5.00,240999,yes,Airborne Images,Drone Registration,yes,None,PNC Debit,tomstout,,,
05/16/24,Expense,Equipment,Equipment: Drone,05/16/24,230.54,240999,yes,Airborne Images,DJI RC Pro Controller,yes,None,Chase Business Card,tomstout,,,
05/16/24,Expense,Travel,Travel: Fuel,05/16/24,40.05,240033,yes,Airborne Images,240033,yes,Chicago,/Volumes/Business/TSP/_FINANCIAL/2024/Receipts/240031_gas_2.pdf,tomstout,,,
05/16/24,Expense,Travel,Travel: Meals,05/16/24,29.40,240033,yes,Airborne Images,240033,yes,Chicago,/Volumes/Business/TSP/_FINANCIAL/2024/Receipts,tomstout,,,
5/20/24,Expense,Travel,Travel: Misc,05/20/24,338.35,240033,yes,Airborne Images,Chicago - Mileage (505 @ .67),yes,Chicago,None,tomstout,,,
05/20/24,Expense,Travel,Travel: Fuel,05/20/24,50.08,240033,yes,Airborne Images,,yes,Chicago,Chase Business Card,tomstout,,,
05/20/24,Expense,Travel,Travel: Hotels,05/20/24,575.36,240033,yes,Airborne Images,240033,yes,Chicago,/volumes/TSP/_FINANCIAL/2024/Receipts/240031_NHRA_Chicago_Hotel.pdf,tomstout,,,
05/20/24,Expense,Travel,Travel: Fuel,05/20/24,50.08,240033,yes,Airborne Images,240033,yes,Chicago,/volumes/TSP/_FINANCIAL/2024/Receipts/240031_NHRA_Chicago_Gas_2.pdf,tomstout,,,
05/30/24,Expense,Equipment,Equipment: Drone,05/30/24,230.54,240999,yes,Airborne Images,DJI RC Pro Controller,yes,None,Chase Business Card,tomstout,,,
06/01/24,Expense,Equipment,Equipment: Computer,06/01/24,99.38,240999,yes,"TSP, LLC",iPad,yes,None,PNC Debit,tomstout,,,
06/01/24,Expense,Equipment,Equipment: Office,06/01/24,74.40,240999,yes,"TSP, LLC",Cell Phone,yes,None,PNC Debit,tomstout,,,
06/01/24,Expense,Office Expense,Office Expense: Software,06/01/24,29.99,240999,yes,"TSP, LLC",Adobe CC,yes,None,PNC Debit,tomstout,,,
06/01/24,Expense,Office Expense,Office Expense: Software,06/01/24,9.99,240999,yes,"TSP, LLC",Apple iCloud,yes,None,PNC Debit,tomstout,,,
06/01/24,Expense,Office Expense,Office Expense: Software,06/01/24,13.36,240999,yes,"TSP, LLC",Microsoft 365,yes,None,PNC Debit,tomstout,,,
06/01/24,Expense,Subscriptions,Subscriptions: Education,06/01/24,29.00,240999,yes,"TSP, LLC",Udemy,yes,None,PNC Debit,tomstout,,,
06/01/24,Expense,Equipment,Equipment: Computer,06/01/24,82.08,240999,yes,"TSP, LLC",Samsung,yes,None,PNC Debit,tomstout,,,
06/01/24,Expense,Office Expense,Office Expense: Web Hosting,06/01/24,17.00,240999,yes,"TSP, LLC",Heroku,yes,None,PNC Debit,tomstout,,,
06/01/24,Expense,Utilities,Utilities: Cellular,06/01/24,109.99,240999,yes,"TSP, LLC",FirstNet,yes,None,PNC Debit,tomstout,,,
06/01/24,Expense,Equipment,Equipment: Computer,06/01/24,128.00,240999,yes,"TSP, LLC",Leaseville,yes,None,PNC Debit,tomstout,,,
6/1/24,Expense,Insurance,Insurance: General Liability,06/01/24,143.61,240999,yes,"TSP, LLC",The Hartford,yes,None,Chase Debit,tomstout,,,
6/3/24,Expense,Equipment,Equipment: Photography,06/03/24,199.00,249999,yes,Tom Stout Photography,Canon 16mm Lens,yes,None,B & H,tomstout,,,
06/05/24,Income,Services,Services: Drone,06/05/24,2750.00,240033,yes,Airborne Images,Chicago,yes,Chicago,PNC Deposit,tomstout,,,
06/05/24,Expense,Equipment,Equipment: Drone,06/05/24,123.56,240999,yes,Airborne Images,Harbor Freight - Drone Case,yes,None,Chase Business Card,tomstout,,,
6/10/24,Expense,Travel,Travel: Hotel,06/10/24,694.46,240039,yes,Airborne Images,Bristol Hotel,yes,Bristol,Blaze CC,tomstout,,,
06/11/24,Expense,Travel,Travel: Fuel,06/11/24,58.15,240026,yes,Airborne Images,Travel: Gas,yes,None,Chase Business Card,tomstout,,,
6/12/24,Expense,Travel,Travel: Car Rental,06/12/24,251.03,240039,yes,Airborne Images,NHRA Bristol,yes,Bristol,Capital One - Red,tomstout,,,
6/12/24,Expense,Travel,Travel: Flights,06/12/24,135.99,240049,yes,Airborne Images,NHRA Sonoma,yes,Sonoma,Capital One - Red,tomstout,,,
06/13/24,Expense,Equipment,Equipment: Drone,06/13/24,230.54,240999,yes,Airborne Images,DJI RC Pro Controller,yes,None,Chase Business Card,tomstout,,,
06/18/24,Income,Services,Services: Drone,06/18/24,2750.00,240025,yes,Airborne Images,Charlotte I,yes,Charlotte I,PNC Deposit,tomstout,,,
6/20/24,Income,Services,Services: Drone,06/20/24,325.00,240026,yes,Airborne Images,Veteran Droners - Crown Hill,yes,None,Stripe Deposit,tomstout,,,
06/20/24,Expense,Travel,Travel: Hotel ,06/20/24,108.66,240042,yes,Airborne Images,Richmond,yes,Richmond,Fortiva CC,tomstout,,,
06/21/24,Expense,Travel,Travel: Fuel,06/21/24,51.75,240042,yes,Airborne Images,Travel: Gas,yes,Richmond,Chase Business Card,tomstout,,,
6/22/24, Expense ,Travel,Travel: Fuel,06/22/24,46.95,240042,yes,Airborne Images,Virginia - Fuel,yes,Richmond,Venture Card,tomstout,,,
06/24/24,Expense,Equipment,Equipment: Drone,06/24/24,230.54,240999,yes,Airborne Images,DJI RC Pro Controller,yes,None,Chase Business Card,tomstout,,,
6/24/24,Expense,Travel,Travel: Hotel,06/24/24,507.00,240042,yes,Airborne Images,NHRA Virginia,yes,Richmond,240042_hotel.pdf,tomstout,,,
6/25/24, Expense ,Travel,Travel: Fuel,06/25/24,54.25,240042,yes,Airborne Images,Virginia - Fuel,yes,Richmond,Venture Card,tomstout,,,
06/25/24,Expense,Travel,Travel: Fuel,06/25/24,46.95,240047,yes,Airborne Images,Travel: Gas,yes,Norwalk,Chase Business Card,tomstout,,,
6/25/24,Expense,Equipment,Equipment: Drone,06/25/24,214.19,249999,yes,Airborne Images,Avata II Controller,yes,None,B & H,tomstout,,,
06/26/24,Expense,Travel,Travel: Fuel,06/26/24,38.85,240047,yes,Airborne Images,Travel: Gas,yes,Norwalk,Chase Business Card,tomstout,,,
06/26/24,Expense,Travel,Travel: Fuel,06/26/24,44.19,240047,yes,Airborne Images,Travel: Gas,yes,Norwalk,Chase Business Card,tomstout,,,
6/26/24,Expense,Travel,Travel: Car Rental,06/26/24,251.03,240042,yes,Airborne Images,NHRA Virginia,yes,Richmond,Captal One - Red,tomstout,,,
06/27/24,Expense,Travel,Travel: Flights,06/27/24,248.18,240051,yes,Airborne Images,Brainerd,yes,Norwalk,Credit One Red,tomstout,,,
6/27/24,Expense,Travel,Travel: Fuel,06/27/24,36.94,240042,yes,Airborne Images,NHRA Virginia,yes,Richmond,Captial One - Red,tomstout,,,
6/30/24,Expense,Travel,Travel: Hotel,06/30/24,410.22,240047,yes,Airborne Images,NHRA Norwalk,yes,Norwalk,Fortiva,tomstout,,,
07/01/24,Expense,Equipment,Equipment: Computer,07/01/24,99.38,240999,yes,"TSP, LLC",iPad,yes,Brainerd,PNC Debit,tomstout,,,
7/1/24,Expense,Travel,Travel: Meals,07/01/24,8.88,240047,yes,Airborne Images,NHRA Norwalk,yes,Norwalk,PNC Debit,tomstout,,,
07/01/24,Expense,Office Expense,Office Expense: Software,07/01/24,29.99,240999,yes,"TSP, LLC",Adobe CC,yes,None,PNC Debit,tomstout,,,
07/01/24,Expense,Office Expense,Office Expense: Software,07/01/24,9.99,240999,yes,"TSP, LLC",Apple iCloud,yes,None,PNC Debit,tomstout,,,
07/01/24,Expense,Office Expense,Office Expense: Software,07/01/24,13.36,240999,yes,"TSP, LLC",Microsoft 365,yes,None,PNC Debit,tomstout,,,
07/01/24,Expense,Subscriptions,Subscriptions: Education,07/01/24,29.00,240999,yes,"TSP, LLC",Udemy,yes,None,PNC Debit,tomstout,,,
07/01/24,Expense,Equipment,Equipment: Computer,07/01/24,82.08,240999,yes,"TSP, LLC",Samsung,yes,None,PNC Debit,tomstout,,,
07/01/24,Expense,Office Expense,Office Expense: Web Hosting,07/01/24,17.00,240999,yes,"TSP, LLC",Heroku,yes,None,PNC Debit,tomstout,,,
07/01/24,Expense,Utilities,Utilities: Cellular,07/01/24,109.99,240999,yes,"TSP, LLC",FirstNet,yes,None,PNC Debit,tomstout,,,
07/01/24,Expense,Travel,Travel: Flights,07/01/24,40.75,240049,yes,Airborne Images,Sonoma,yes,Sonoma,None,tomstout,,,
7/1/24,Expense,Insurance,Insurance: General Liability,07/01/24,146.31,240999,yes,"TSP, LLC",The Hartford,yes,None,Chase Debit,tomstout,,,
7/1/24,Expense,Travel,Travel: Car Rental,07/01/24,200.82,240047,yes,Airborne Images,NHRA Norwalk,yes,Norwalk,240047_Car.pdf,tomstout,,,
07/05/24,Income,Services,Services: Drone,07/05/24,3000.00,240039,yes,Airborne Images,Bristol Invoice,yes,Bristol,PNC Deposit,tomstout,,,
7/15/24,Expense,Travel,Travel: Flights,07/15/24,82.99,240049,yes,Airborne Images,NHRA Sonoma,yes,Sonoma,PNC ,tomstout,,,
7/18/24,Expense,Travel,Travel: Flights,07/18/24,-82.99,240049,yes,Airborne Images,NHRA Sonoma - Airfare credit for Seattle,yes,Sonoma,PNC ,tomstout,,,
7/19/24,Expense,Office Expense,Office Expense: Software,07/19/24,35.16,240999,yes,12bytes,GoDaddy Domain Renewal,yes,None,PNC Debit,tomstout,,,
7/19/24,Expense,Office Expense,Office Expense: Software,07/19/24,22.17,240999,yes,12bytes,GoDaddy Domain Renewal,yes,None,PNC Debit,tomstout,,,
7/24/24,Income,Services,Services: Drone,07/24/24,3000.00,240042,yes,Airborne Images,NHRA Virginia,yes,Richmond,Chase Business,tomstout,,,
7/26/24,Expense,Travel,Travel: Meals,07/26/24,7.76,240049,yes,Airborne Images,NHRA Sonoma,yes,Sonoma,PNC Debit,tomstout,,,
7/29/24, Expense , Equipment , Equipment: Drone ,07/29/24,142.46,240999,yes,Airborne Images,Avata 2 Case,yes,None,Capital One CC,tomstout,,,
7/30/24,Expense,Travel,Travel: Car Rental,07/30/24,366.84,240049,yes,Airborne Images,NHRA Sonoma,yes,Sonoma,Capital One - Red,tomstout,,,
7/31/24,Expense,Travel,Travel: Hotel,07/31/24,1112.60,240049,yes,Airborne Images,NHRA Sonoma ,yes,Sonoma,Capital One - 5,tomstout,,,
8/1/24,Expense,Travel,Travel: Misc,08/01/24,15.20,240049,yes,Airborne Images,NHRA Sonoma - Tolls,yes,Sonoma,Capital One - Red,tomstout,,,
8/5/24, Income ,Services,Services: Drone,08/05/24,3000.00,240047,yes,Airborne Images,NHRA Norwalk,yes,Norwalk,Chase Business,tomstout,,,
8/19/24,Expense,Travel,Travel: Car Rental,08/19/24,319.49,240051,yes,Airborne Images,Brainerd Car Rental,yes,Brainerd,None,tomstout,,,
8/19/24,Expense,Travel,Travel: Fuel,08/19/24,63.10,240051,yes,Airborne Images,Brainerd Gas,yes,Brainerd,Chase Business,tomstout,,,
8/21/24,Expense,Travel,Travel: Hotel,08/21/24,1161.00,240051,yes,Airborne Images,Brainerd Hotel,yes,Brainerd,Chase Business,tomstout,,,
8/30/24,Income,Services,Services: Drone,08/30/24,3000.00,240049,yes,Airborne Images,Sonoma Invoice,yes,Sonoma,Chase Deposit,tomstout,,,
9/9/24,Expense,Travel,Travel: Car Rental,09/09/24,160.36,240052,yes,Airborne Images,Indy Car,yes,Indy,Venture Card,tomstout,,,
9/9/24,Expense,Travel,Travel: Fuel,09/09/24,38.89,240052,yes,Airborne Images,Indy Gas,yes,Indy,Venture Card,tomstout,,,
9/15/24,Expense,Travel,Travel: Hotel,09/15/24,616.98,240053,yes,Airborne Images,Reading Hotel,yes,Reading,Venture Card,tomstout,,,
9/15/24,Expense,Travel,Travel: Fuel,09/15/24,58.72,240053,yes,Airborne Images,Reading,yes,Reading,Rose Card,tomstout,,,
9/16/24,Expense,Travel,Travel: Fuel,09/16/24,37.56,250053,yes,Airborne Images,NHRA Reading,yes,Reading,Venture Card,tomstout,,,
9/17/24,Expense,Travel,Travel: Car Rental,09/17/24,356.74,240055,yes,Airborne Images,Charlotte II Car,yes,Charlotte II,Chase Debit,tomstout,,,
9/17/24,Expense,Travel,Travel: Misc,09/17/24,62.35,240055,yes,Airborne Images,Charlotte II Toll Fees,yes,Charlotte II,Chase Debit,tomstout,,,
9/19/24,Expense,Travel,Travel: Misc,09/19/24,5.70,240055,yes,Airborne Images,Charlotte II Tolls,yes,Charlotte II,Chase Debit,tomstout,,,
9/19/24,Expense,Travel,Travel: Fuel,09/19/24,29.75,250043,yes,Airborne Images,Reading,yes,Reading,Chase Business,tomstout,,,
9/20/24,Income,Services,Services: Drone,09/20/24,3000.00,240051,yes,Airborne Images,Brainerd Invoice,yes,Brainerd,Chase Business Dep.,tomstout,,,
9/23/24,Expense,Travel,Travel: Hotel,09/23/24,365.00,240055,yes,Airborne Images,Charlotte II Hotel,yes,Charlotte II,** Estimate,tomstout,,,
9/24/24,Expense,Travel,Travel: Car Rental,09/24/24,356.74,240053,yes,Airborne Images,Reading Car,yes,Reading,Roses Card,tomstout,,,
9/25/24,Expense,Equipment,Equipment: Maintenance & Repairs,09/25/24,81.05,240999,yes,Airborne Images,DJI Controller Repair - HDMI Port,yes,None,Chase Business,tomstout,,,
9/26/24,Expense,Travel,Travel: Fuel,09/26/24,19.36,240054,yes,Airborne Images,St Louis,yes,St Louis,Roses Card,tomstout,,,
9/26/24,Expense,Travel,Travel: Hotel,09/26/24,445.05,240054,yes,Airborne Images,St Louis,yes,St Louis,Chase Debit,tomstout,,,
9/26/24,Expense,Equipment,Equipment: Office,09/26/24,166.92,240999,yes,"TSP, LLC",Luggage,yes,None,Chase Business,tomstout,,,
9/29/24,Expense,Travel,Travel: Fuel,09/29/24,48.18,240054,yes,Airborne Images,St Louis Gas,yes,St Louis,Venture Card,tomstout,,,
9/29/24,Expense,Travel,Travel: Fuel,09/29/24,33.31,240054,yes,Airborne Images,St Louis Gas,yes,St Louis,Venture Card,tomstout,,,
9/30/24,Expense,Travel,Travel: Car Rental,09/30/24,258.59,240054,yes,12bytes,St Louis Car,yes,St Louis,Chase Debit,tomstout,,,
9/30/24,Expense,Equipment,Equipment: Office,09/30/24,267.49,249999,yes,"TSP, LLC",OWC Enclosure 2,yes,None,B & H,tomstout,,,
10/7/24,Income,Services,Services: Drone,10/07/24,3000.00,240052,yes,Airborne Images,Indy invoice,yes,Indy,Chase ACH,tomstout,,,
10/8/24,Expense,Travel,Travel: Flights,10/08/24,581.38,240059,yes,Airborne Images,Pomona II Air,yes,Pomona II,Rose & TC Card,tomstout,,,
10/10/24,Expense,Travel,Travel: Flights,10/10/24,172.44,240058,yes,Airborne Images,Pomona II Airfare,yes,Pomona II,Capital One - T,tomstout,,,
10/14/24,Expense,Travel,Travel: Car Rental,10/14/24,463.66,240056,yes,Airborne Images,Dallas Car Rental,yes,Dallas,Chase Business Card,tomstout,,,
10/14/24,Expense,Travel,Travel: Hotel,10/14/24,650.58,240056,yes,Airborne Images,Dallas Hotel,yes,Dallas,Capital One - T,tomstout,,,
10/16/24,Income,Services,Services: Drone,10/16/24,3000.00,240053,yes,Airborne Images,Reading Invoice,yes,Reading,Chase Business Deposit,tomstout,,,
10/22/24,Expense,Travel,Travel: Misc,10/22/24,23.97,240056,yes,Airborne Images,Dallas Tolls,yes,Dallas,Chase Business,tomstout,,,
10/31/24,Expense,Travel,Travel: Car Rental,10/31/24,411.88,240057,yes,Airborne Images,Vegas II Car,yes,Vegas II,TC Capital One,tomstout,,,
11/1/24,Expense,Travel,Travel: Misc,11/01/24,18.00,240057,yes,Airborne Images,Vegas II Parking,yes,Vegas II,Venture Card,tomstout,,,
11/3/24,Expense,Travel,Travel: Hotel,11/03/24,277.36,240057,yes,Airborne Images,Vegas II Hotel,yes,Vegas II,TC Cap1,tomstout,,,
11/4/24,Income,Services,Services: Drone,11/04/24,3000.00,240055,yes,Airborne Images,Charlotte II,yes,Charlotte II,Chase Business Deposit,tomstout,,,
11/4/24,Income,Services,Services: Drone,11/04/24,3000.00,240054,yes,Airborne Images,St Louis,yes,St Louis,Chase Business Deposit,tomstout,,,
11/14/24,Income,Services,Services: Drone,11/14/24,3000.00,240056,yes,Airborne Images,Dallas Invoice,yes,Dallas,Chase Deposit,tomstout,,,
11/18/24,Expense,Travel,Travel: Car Rental,11/18/24,311.91,240058,yes,Airborne Images,Pomona II Car Rental,yes,Pomona II,TC Capital One,tomstout,,,
11/18/24,Expense,Travel,Travel: Hotel,11/18/24,844.25,240058,yes,Airborne Images,Pomona II Hotel,yes,Pomona II,Roses Card,tomstout,,,
11/19/24,Expense,Travel,Travel: Fuel,11/19/24,33.23,240058,yes,Airborne Images,Pomona II Gas,yes,Pomona II,Venture Card,tomstout,,,
11/19/24,Expense,Travel,Travel: Flights,11/19/24,80.00,240058,yes,Airborne Images,Pomona II Checked Bags,yes,Pomona II,Venture Card,tomstout,,,
11/20/24,Expense,Office Expense,Office Expense: Supplies,11/20/24,234.95,I281919,yes,Tom Stout Photography,InkOwl Pro 2000 Ink,yes,None,Chase Business Debit,tomstout,,,
11/22/24,Expense,Office Expense,Office Expense: Web Hosting,11/22/24,17.00,July,yes,12bytes,FirstNet Cellular Service,yes,None,Posted on the 8th,tomstout,,,
11/22/24,Expense,Office Expense,Office Expense: Web Hosting,11/22/24,17.00,August,yes,12bytes,FirstNet Cellular Service,yes,None,Posted on the 8th,tomstout,,,
11/22/24,Expense,Office Expense,Office Expense: Web Hosting,11/22/24,17.00,September,yes,12bytes,FirstNet Cellular Service,yes,None,Posted on the 8th,tomstout,,,
11/22/24,Expense,Office Expense,Office Expense: Web Hosting,11/22/24,17.00,October,yes,12bytes,FirstNet Cellular Service,yes,None,Posted on the 8th,tomstout,,,
11/22/24,Expense,Subscriptions,Subscriptions: Education,11/22/24,29.99,July,yes,"TSP, LLC",Udemy Training Subscription,yes,None,Posted on the 7th,tomstout,,,
11/22/24,Expense,Subscriptions,Subscriptions: Education,11/22/24,29.99,August,yes,"TSP, LLC",Udemy Training Subscription,yes,None,Posted on the 7th,tomstout,,,
11/22/24,Expense,Subscriptions,Subscriptions: Education,11/22/24,29.99,September,yes,"TSP, LLC",Udemy Training Subscription,yes,None,Posted on the 7th,tomstout,,,
11/22/24,Expense,Subscriptions,Subscriptions: Education,11/22/24,29.99,October,yes,"TSP, LLC",Udemy Training Subscription,yes,None,Posted on the 7th,tomstout,,,
11/22/24,Expense,Office Expense,Office Expense: Software,11/22/24,13.36,July,yes,"TSP, LLC",Microsoft 365 Subscription,yes,None,Posted on the 6th,tomstout,,,
11/22/24,Expense,Office Expense,Office Expense: Software,11/22/24,9.99,July,yes,"TSP, LLC",Apple iCloud ,yes,None,Posted on the 6th,tomstout,,,
11/22/24,Expense,Office Expense,Office Expense: Software,11/22/24,13.36,August,yes,"TSP, LLC",Microsoft 365 Subscription,yes,None,Posted on the 6th,tomstout,,,
11/22/24,Expense,Office Expense,Office Expense: Software,11/22/24,9.99,August,yes,"TSP, LLC",Apple iCloud ,yes,None,Posted on the 6th,tomstout,,,
11/22/24,Expense,Office Expense,Office Expense: Software,11/22/24,13.36,September,yes,"TSP, LLC",Microsoft 365 Subscription,yes,None,Posted on the 6th,tomstout,,,
11/22/24,Expense,Office Expense,Office Expense: Software,11/22/24,9.99,September,yes,"TSP, LLC",Apple iCloud ,yes,None,Posted on the 6th,tomstout,,,
11/22/24,Expense,Office Expense,Office Expense: Software,11/22/24,13.36,October,yes,"TSP, LLC",Microsoft 365 Subscription,yes,None,Posted on the 6th,tomstout,,,
11/22/24,Expense,Office Expense,Office Expense: Software,11/22/24,9.99,October,yes,"TSP, LLC",Apple iCloud ,yes,None,Posted on the 6th,tomstout,,,
11/22/24,Expense,Office Expense,Office Expense: Bank Fees,11/22/24,15.00,July,yes,"TSP, LLC",Chase: Account Fee,yes,None,Posted on the 30th,tomstout,,,
11/22/24,Expense,Office Expense,Office Expense: Bank Fees,11/22/24,15.00,August,yes,"TSP, LLC",Chase: Account Fee,yes,None,Posted on the 30th,tomstout,,,
11/22/24,Expense,Office Expense,Office Expense: Bank Fees,11/22/24,15.00,September,yes,"TSP, LLC",Chase: Account Fee,yes,None,Posted on the 30th,tomstout,,,
11/22/24,Expense,Office Expense,Office Expense: Bank Fees,11/22/24,15.00,October,yes,"TSP, LLC",Chase: Account Fee,yes,None,Posted on the 30th,tomstout,,,
11/22/24,Expense,Office Expense,Office Expense: Bank Fees,11/22/24,9.00,July,yes,"TSP, LLC",Chase: PaymentTech,yes,None,Posted on the 2nd,tomstout,,,
11/22/24,Expense,Office Expense,Office Expense: Bank Fees,11/22/24,9.00,August,yes,"TSP, LLC",Chase: PaymentTech,yes,None,Posted on the 2nd,tomstout,,,
11/22/24,Expense,Office Expense,Office Expense: Bank Fees,11/22/24,9.00,September,yes,"TSP, LLC",Chase: PaymentTech,yes,None,Posted on the 2nd,tomstout,,,
11/22/24,Expense,Office Expense,Office Expense: Bank Fees,11/22/24,9.00,October,yes,"TSP, LLC",Chase: PaymentTech,yes,None,Posted on the 2nd,tomstout,,,
11/22/24,Expense,Equipment,Equipment: Computer,11/22/24,82.18,July,yes,12bytes,Samsung Monitor - Affirm,yes,None,Posted on the 24th,tomstout,,,
11/22/24,Expense,Equipment,Equipment: Computer,11/22/24,82.18,August,yes,12bytes,Samsung Monitor - Affirm,yes,None,Posted on the 24th,tomstout,,,
11/22/24,Expense,Equipment,Equipment: Computer,11/22/24,82.18,September,yes,12bytes,Samsung Monitor - Affirm,yes,None,Posted on the 24th,tomstout,,,
11/22/24,Expense,Equipment,Equipment: Computer,11/22/24,82.18,October,yes,12bytes,Samsung Monitor - Affirm,yes,None,Posted on the 24th,tomstout,,,
11/22/24,Expense,Office Expense,Office Expense: Software,11/22/24,21.39,July,yes,12bytes,Paddle.com Subscription,yes,None,Posted on the 20th,tomstout,,,
11/22/24,Expense,Office Expense,Office Expense: Software,11/22/24,21.39,August,yes,12bytes,Paddle.com Subscription,yes,None,Posted on the 20th,tomstout,,,
11/22/24,Expense,Office Expense,Office Expense: Software,11/22/24,21.39,September,yes,12bytes,Paddle.com Subscription,yes,None,Posted on the 20th,tomstout,,,
11/22/24,Expense,Office Expense,Office Expense: Software,11/22/24,21.39,October,yes,12bytes,Paddle.com Subscription,yes,None,Posted on the 20th,tomstout,,,
11/22/24,Expense,Insurance,Insurance: General Liability,11/22/24,144.29,July,yes,"TSP, LLC",Business Insurance,yes,None,Posted on the 1st,tomstout,,,
11/22/24,Expense,Insurance,Insurance: General Liability,11/22/24,144.29,August,yes,"TSP, LLC",Business Insurance,yes,None,Posted on the 1st,tomstout,,,
11/22/24,Expense,Insurance,Insurance: General Liability,11/22/24,144.29,September,yes,"TSP, LLC",Business Insurance,yes,None,Posted on the 1st,tomstout,,,
11/22/24,Expense,Insurance,Insurance: General Liability,11/22/24,144.29,October,yes,"TSP, LLC",Business Insurance,yes,None,Posted on the 1st,tomstout,,,
11/22/24,Expense,Utilities,Utilities: Cellular,11/22/24,109.00,July,yes,"TSP, LLC",FirstNet Cellular Service,yes,None,Posted on the 18th,tomstout,,,
11/22/24,Expense,Office Expense,Office Expense: Software,11/22/24,29.99,July,yes,"TSP, LLC",Adobe CC Subscription,yes,None,Posted on the 18th,tomstout,,,
11/22/24,Expense,Equipment,Equipment: Office,11/22/24,74.40,July,yes,"TSP, LLC",FirstNet Cell Phone Purchase,yes,None,Posted on the 18th,tomstout,,,
11/22/24,Expense,Equipment,Equipment: Office,11/22/24,99.38,July,yes,"TSP, LLC",FirstNet iPad Purchase,yes,None,Posted on the 18th,tomstout,,,
11/22/24,Expense,Utilities,Utilities: Cellular,11/22/24,109.00,August,yes,"TSP, LLC",FirstNet Cellular Service,yes,None,Posted on the 18th,tomstout,,,
11/22/24,Expense,Office Expense,Office Expense: Software,11/22/24,29.99,August,yes,"TSP, LLC",Adobe CC Subscription,yes,None,Posted on the 18th,tomstout,,,
11/22/24,Expense,Equipment,Equipment: Office,11/22/24,74.40,August,yes,"TSP, LLC",FirstNet Cell Phone Purchase,yes,None,Posted on the 18th,tomstout,,,
11/22/24,Expense,Equipment,Equipment: Office,11/22/24,99.38,August,yes,"TSP, LLC",FirstNet iPad Purchase,yes,None,Posted on the 18th,tomstout,,,
11/22/24,Expense,Utilities,Utilities: Cellular,11/22/24,109.00,September,yes,"TSP, LLC",FirstNet Cellular Service,yes,None,Posted on the 18th,tomstout,,,
11/22/24,Expense,Office Expense,Office Expense: Software,11/22/24,29.99,September,yes,"TSP, LLC",Adobe CC Subscription,yes,None,Posted on the 18th,tomstout,,,
11/22/24,Expense,Equipment,Equipment: Office,11/22/24,74.40,September,yes,"TSP, LLC",FirstNet Cell Phone Purchase,yes,None,Posted on the 18th,tomstout,,,
11/22/24,Expense,Equipment,Equipment: Office,11/22/24,99.38,September,yes,"TSP, LLC",FirstNet iPad Purchase,yes,None,Posted on the 18th,tomstout,,,
11/22/24,Expense,Utilities,Utilities: Cellular,11/22/24,109.00,October,yes,"TSP, LLC",FirstNet Cellular Service,yes,None,Posted on the 18th,tomstout,,,
11/22/24,Expense,Office Expense,Office Expense: Software,11/22/24,29.99,October,yes,"TSP, LLC",Adobe CC Subscription,yes,None,Posted on the 18th,tomstout,,,
11/22/24,Expense,Equipment,Equipment: Office,11/22/24,74.40,October,yes,"TSP, LLC",FirstNet Cell Phone Purchase,yes,None,Posted on the 18th,tomstout,,,
11/22/24,Expense,Equipment,Equipment: Office,11/22/24,99.38,October,yes,"TSP, LLC",FirstNet iPad Purchase,yes,None,Posted on the 18th,tomstout,,,
11/22/24,Expense,Equipment,Equipment: Photography,11/22/24,284.20,July,yes,Tom Stout Photography,Affirm - Canon R5 Purchase,yes,None,Posted on the 12th,tomstout,,,
11/22/24,Expense,Equipment,Equipment: Photography,11/22/24,284.20,August,yes,Tom Stout Photography,Affirm - Canon R5 Purchase,yes,None,Posted on the 12th,tomstout,,,
11/22/24,Expense,Equipment,Equipment: Photography,11/22/24,284.20,September,yes,Tom Stout Photography,Affirm - Canon R5 Purchase,yes,None,Posted on the 12th,tomstout,,,
11/22/24,Expense,Equipment,Equipment: Photography,11/22/24,284.20,October,yes,Tom Stout Photography,Affirm - Canon R5 Purchase,yes,None,Posted on the 12th,tomstout,,,
11/22/24,Expense,Equipment,Equipment: Computer,11/22/24,128.00,July,yes,"TSP, LLC",Computer Speakers/Lights,yes,None,Posted on the 11th & 13th,tomstout,,,
11/22/24,Expense,Equipment,Equipment: Computer,11/22/24,128.00,August,yes,"TSP, LLC",Computer Speakers/Lights,yes,None,Posted on the 11th & 13th,tomstout,,,
11/22/24,Expense,Equipment,Equipment: Computer,11/22/24,128.00,September,yes,"TSP, LLC",Computer Speakers/Lights,yes,None,Posted on the 11th & 13th,tomstout,,,
11/22/24,Expense,Equipment,Equipment: Computer,11/22/24,128.00,October,yes,"TSP, LLC",Computer Speakers/Lights,yes,None,Posted on the 11th & 13th,tomstout,,,
11/25/24,Expense,Office Expense,Office Expense: Supplies,11/25/24,117.49,249999,yes,Tom Stout Photography,24x100 Photo Paper Breathing Color,yes,None,Chase,tomstout,,,
11/26/24,Income,Services,Services: Drone,11/26/24,3000.00,240057,yes,Airborne Images,Vegas II Invoice,yes,None,Chase Business Deposit,tomstout,,,
11/26/24,Expense,Equipment,Equipment: Photography,11/26/24,1323.76,249999,yes,Tom Stout Photography,Canon EOS R5,yes,None,Chase Business Debit,tomstout,,,
11/26/24,Expense,Equipment,Equipment: Computer,11/26/24,763.47,249999,yes,"TSP, LLC",Samsung Monitor,yes,None,Chase Business Debit,tomstout,,,
11/27/24,Expense,Office Expense,Office Expense: Software,11/27/24,71.88,249999,yes,12bytes,Siteground Hosting Annual,yes,None,Chase,tomstout,,,
12/2/24,Expense,Office Expense,Office Expense: Bank Fees,12/02/24,9.00,Monthly,yes,"TSP, LLC",Chase: PaymentTech,yes,None,Posted on the 2nd,tomstout,,,
12/6/24,Expense,Subscriptions,Subscriptions: Software,12/06/24,13.36,Monthly,yes,"TSP, LLC",Microsoft 365 Subscription,yes,None,Posted on the 6th,tomstout,,,
12/6/24,Expense,Subscriptions,Subscriptions: Software,12/06/24,9.99,Monthly,yes,"TSP, LLC",Apple iCloud ,yes,None,Posted on the 6th,tomstout,,,
12/10/24,Expense,Subscriptions,Subscriptions: Web Hosting,12/10/24,17.00,Monthly,yes,12bytes,FirstNet Cellular Service,yes,None,Posted on the 8th,tomstout,,,
12/10/24,Expense,Insurance,Insurance: General Liability,12/10/24,144.29,Monthly,yes,"TSP, LLC",Business Insurance,yes,None,Posted on the 1st,tomstout,,,
12/18/24,Expense,Subscriptions,Subscriptions: Software,12/18/24,29.99,Monthly,yes,"TSP, LLC",Adobe CC Subscription,yes,None,Posted on the 18th,tomstout,,,
12/20/24,Expense,Subscriptions,Subscriptions: Software,12/20/24,21.39,Monthly,yes,12bytes,Paddle.com Subscription,yes,None,Posted on the 20th,tomstout,,,
12/23/24,Expense,Office Expense,Office Expense: Software,12/23/24,25.16,249999,yes,"TSP, LLC",Google Suite,yes,None,Chase,tomstout,,,
12/30/24,Expense,Office Expense,Office Expense: Bank Fees,12/30/24,15.00,Monthly,yes,"TSP, LLC",Chase: Account Fee,yes,None,Posted on the 30th,tomstout,,,
12/30/24,Expense,Office Expense,Office Expense: Software,12/30/24,120.00,249999,yes,"TSP, LLC",Smugmug Annual Subscription,yes,None,Chase Debit,tomstout,,,
1/10/25,Income,Services,Services: Drone,01/10/25,3000.00,240058,yes,Airborne Images,Pomona II Invoice,yes,Pomona II,Chase Dep,tomstout,,,
1/24/25,Expense,Travel,Travel: Flights,01/24/25,588.36,250001,yes,Airborne Images,Gainseville Flight,yes,Gainesville,Venture Card,tomstout,,,
1/25/25,Expense,Subscriptions,Subscriptions: Web Hosting,01/25/25,17.00,Monthly,yes,12bytes,FirstNet Cellular Service,yes,None,Posted on the 8th,tomstout,,,
1/25/25,Expense,Equipment,Equipment: Office,01/25/25,99.38,Monthly,yes,"TSP, LLC",Verizon iPad,yes,None,Posted on the 7th,tomstout,,,
1/25/25,Expense,Subscriptions,Subscriptions: Software,01/25/25,13.36,Monthly,yes,"TSP, LLC",Microsoft 365 Subscription,yes,None,Posted on the 6th,tomstout,,,
1/25/25,Expense,Subscriptions,Subscriptions: Software,01/25/25,9.99,Monthly,yes,"TSP, LLC",Apple iCloud ,yes,None,Posted on the 6th,tomstout,,,
1/25/25,Expense,Office Expense,Office Expense: Bank Fees,01/25/25,15.00,Monthly,yes,"TSP, LLC",Chase: Account Fee,yes,None,Posted on the 30th,tomstout,,,
1/25/25,Expense,Office Expense,Office Expense: Bank Fees,01/25/25,9.00,Monthly,yes,"TSP, LLC",Chase: PaymentTech,yes,None,Posted on the 2nd,tomstout,,,
1/25/25,Expense,Subscriptions,Subscriptions: Software,01/25/25,21.39,Monthly,yes,12bytes,Paddle.com Subscription,yes,None,Posted on the 20th,tomstout,,,
1/25/25,Expense,Insurance,Insurance: General Liability,01/25/25,143.61,Monthly,yes,"TSP, LLC",Business Insurance,yes,None,Posted on the 1st,tomstout,,,
1/25/25,Expense,Subscriptions,Subscriptions: Software,01/25/25,29.99,Monthly,yes,"TSP, LLC",Adobe CC Subscription,yes,None,Posted on the 18th,tomstout,,,
2/2/25,Expense,Subscriptions,Subscriptions: Web Hosting,02/02/25,55.00,Monthly,yes,12bytes,FirstNet Cellular Service,yes,None,Posted on the 8th,tomstout,,,
2/2/25,Expense,Subscriptions,Subscriptions: Web Hosting,02/02/25,55.00,Monthly,yes,12bytes,FirstNet Cellular Service,yes,None,Posted on the 8th,tomstout,,,
2/2/25,Expense,Equipment,Equipment: Office,02/02/25,99.38,Monthly,yes,"TSP, LLC",Verizon iPad,yes,None,Posted on the 7th,tomstout,,,
2/2/25,Expense,Subscriptions,Subscriptions: Software,02/02/25,13.36,Monthly,yes,"TSP, LLC",Microsoft 365 Subscription,yes,None,Posted on the 6th,tomstout,,,
2/2/25,Expense,Subscriptions,Subscriptions: Software,02/02/25,9.99,Monthly,yes,"TSP, LLC",Apple iCloud ,yes,None,Posted on the 6th,tomstout,,,
2/2/25,Expense,Office Expense,Office Expense: Bank Fees,02/02/25,15.00,Monthly,yes,"TSP, LLC",Chase: Account Fee,yes,None,Posted on the 30th,tomstout,,,
2/2/25,Expense,Office Expense,Office Expense: Bank Fees,02/02/25,9.00,Monthly,yes,"TSP, LLC",Chase: PaymentTech,yes,None,Posted on the 2nd,tomstout,,,
2/2/25,Expense,Subscriptions,Subscriptions: Software,02/02/25,21.39,Monthly,yes,12bytes,Paddle.com Subscription,yes,None,Posted on the 20th,tomstout,,,
2/2/25,Expense,Subscriptions,Subscriptions: Software,02/02/25,29.99,Monthly,yes,"TSP, LLC",Adobe CC Subscription,yes,None,Posted on the 18th,tomstout,,,
2/3/25,Expense,Subscriptions,Subscriptions: Software,02/03/25,13.36,Monthly,yes,"TSP, LLC",Microsoft 365 Subscription,yes,None,Posted on the 6th,tomstout,,,
2/4/25,Expense,Subscriptions,Subscriptions: Software,02/04/25,9.99,Monthly,yes,"TSP, LLC",Apple iCloud ,yes,None,Posted on the 6th,tomstout,,,
2/5/25,Expense,Subscriptions,Subscriptions: Software,02/05/25,29.99,Monthly,yes,"TSP, LLC",Adobe CC Subscription,yes,None,Posted on the 18th,tomstout,,,
2/6/25,Expense,Equipment,Equipment: Office,02/06/25,99.38,Monthly,yes,"TSP, LLC",Verizon iPad,yes,None,Posted on the 7th,tomstout,,,
2/7/25,Expense,Subscriptions,Subscriptions: Software,02/07/25,21.39,Monthly,yes,12bytes,Paddle.com Subscription,yes,None,Posted on the 20th,tomstout,,,
2/8/25,Expense,Office Expense,Office Expense: Bank Fees,02/08/25,9.00,Monthly,yes,"TSP, LLC",Chase: PaymentTech,yes,None,Posted on the 2nd,tomstout,,,
2/9/25,Expense,Office Expense,Office Expense: Bank Fees,02/09/25,15.00,Monthly,yes,"TSP, LLC",Chase: Account Fee,yes,None,Posted on the 30th,tomstout,,,