date,amount,invoice_numb,transaction,receipt,category,sub_cat,keyword,team_id,trans_type,user_id,recurring_template_id,transport_type
1/23/22,36,22001,Epping - Parking,Volumes/Business/TSP/_FINANCIAL//2023/2022_Receipts/IMG_0659 3.jpeg,Travel & Meals: Travel,Other Travel,Epping,Airborne Images,Expense,tomstout,,
1/23/22,36,22001,Epping - Parking,Volumes/Business/TSP/_FINANCIAL//2023/2022_Receipts/IMG_0659 3.jpeg,Travel & Meals: Travel,Other Travel,Epping,Airborne Images,Expense,tomstout,,
2/4/22,128,23002,Leaseville,,Other Expenses: Line 48,Office Equipment,Monthly,Tom Stout Photography,Expense,tomstout,,
2/4/22,128,23002,Leaseville,,Other Expenses: Line 48,Office Equipment,Monthly,Tom Stout Photography,Expense,tomstout,,
3/8/22,1400,22001,Fatheadz Pay,Check to PNC,Gross Receipts,Photography Services,,Tom Stout Photography,Income,tomstout,,
3/8/22,1400,22001,Fatheadz Pay,Check to PNC,Gross Receipts,Photography Services,,Tom Stout Photography,Income,tomstout,,
5/19/22,2073.98,22001,Fatheadz Pay,PNC,Gross Receipts,Photography Services,,Tom Stout Photography,Income,tomstout,,
6/6/22,450.18,22001,Epping,/Volumes/Business/TSP/_FINANCIAL//2023/2022_Receipts/epping_car.png,Travel & Meals: Travel,Car Rental,Epping,Airborne Images,Expense,tomstout,,Rental Car
7/7/22,146,22001,Denver,/Volumes/Business/TSP/2023/2022_Receipts/Denver Hotel.pdf,Travel & Meals: Travel,Hotels,Denver,Airborne Images,Expense,tomstout,,
7/11/22,219,22001,Sonoma ,/Volumes/Business/TSP/_Financial/2023/2022_Receipts/sonoma_hotel.pdf,Travel & Meals: Travel,Hotels,Sonoma,Airborne Images,Expense,tomstout,,
7/21/22,424.91,22001,San Francisco,/Volumes/Business?TSP/_FINANCIAL/2023/2022_Receipts/460685486_90141708419_25072022024530.pdf,Travel & Meals: Travel,Car Rental,Sonoma,Airborne Images,Expense,tomstout,,Rental Car
7/27/22,469.94,22001,Fatheadz Pay,PNC ,Gross Receipts,Photography Services,,Tom Stout Photography,Income,tomstout,,
1/1/23,74.4,23002,Cell Phone,,Utilities,Cellular Service,Monthly,1,Expense,tomstout,,
1/1/23,109.99,23002,FirstNet,,Utilities,Cellular Service,Monthly,1,Expense,tomstout,,
1/1/23,29,23002,Udemy Training Subscription,,Other Expenses: Line 48,Education,Monthly,"TSP, LLC",Expense,tomstout,,
1/1/23,99.38,23002,iPad,,Other Expenses: Line 48,Office Equipment,Monthly,"TSP, LLC",Expense,tomstout,,
1/1/23,29.99,23002,Adobe CC,,Other Expenses: Line 48,Software,Monthly,"TSP, LLC",Expense,tomstout,,
1/1/23,9.99,23002,Apple iCloud,,Other Expenses: Line 48,Software,Monthly,"TSP, LLC",Expense,tomstout,,
1/1/23,13.36,23002,Microsoft 365,,Other Expenses: Line 48,Software,Monthly,"TSP, LLC",Expense,tomstout,,
1/1/23,17,23002,Heroku,,Other Expenses: Line 48,Web Hosting,Monthly,"TSP, LLC",Expense,tomstout,,
1/12/23,13.38,23002,Office 365,None,Other Expenses: Line 48,Software,Monthly,"TSP, LLC",Expense,tomstout,,
1/14/23,15.36,23002,Website - Heroku,None,Other Expenses: Line 48,Web Hosting,Monthly,"TSP, LLC",Expense,tomstout,,
1/16/23,13.36,23002,Paddle.net,None,Other Expenses: Line 48,Software,Monthly,"TSP, LLC",Expense,tomstout,,
1/20/23,9.99,23002,Apple iCloud,None,Other Expenses: Line 48,Software,Monthly,"TSP, LLC",Expense,tomstout,,
2/1/23,74.4,23002,Cell Phone,,Utilities,Cellular Service,Monthly,1,Expense,tomstout,,
2/1/23,109.99,23002,FirstNet,,Utilities,Cellular Service,Monthly,1,Expense,tomstout,,
2/1/23,29,23002,Udemy Training Subscription,,Other Expenses: Line 48,Education,Monthly,"TSP, LLC",Expense,tomstout,,
2/1/23,99.38,23002,iPad,,Other Expenses: Line 48,Office Equipment,Monthly,"TSP, LLC",Expense,tomstout,,
2/1/23,128,23002,Leaseville,,Other Expenses: Line 48,Office Equipment,Monthly,Tom Stout Photography,Expense,tomstout,,
2/1/23,82.08,23002,Samsung Monitor - Affirm,,Other Expenses: Line 48,Office Equipment,Monthly,"TSP, LLC",Expense,tomstout,,
2/1/23,29.99,23002,Adobe CC,,Other Expenses: Line 48,Software,Monthly,"TSP, LLC",Expense,tomstout,,
2/1/23,9.99,23002,Apple iCloud,,Other Expenses: Line 48,Software,Monthly,"TSP, LLC",Expense,tomstout,,
2/1/23,13.36,23002,Microsoft 365,,Other Expenses: Line 48,Software,Monthly,"TSP, LLC",Expense,tomstout,,
2/1/23,17,23002,Heroku,,Other Expenses: Line 48,Web Hosting,Monthly,"TSP, LLC",Expense,tomstout,,
2/14/23,13.38,23002,Office 365,None,Other Expenses: Line 48,Software,Monthly,"TSP, LLC",Expense,tomstout,,
2/14/23,15.36,23002,Website - Heroku,None,Other Expenses: Line 48,Web Hosting,Monthly,"TSP, LLC",Expense,tomstout,,
2/16/23,13.36,23002,Paddle.net,None,Other Expenses: Line 48,Software,Monthly,"TSP, LLC",Expense,tomstout,,
2/20/23,9.99,23002,Apple iCloud,None,Other Expenses: Line 48,Software,Monthly,"TSP, LLC",Expense,tomstout,,
3/1/23,176.84,23002,The Hartford,,Insurance,Business Insurance,Monthly,"TSP, LLC",Expense,tomstout,,
3/1/23,74.4,23002,Cell Phone,,Utilities,Cellular Service,Monthly,1,Expense,tomstout,,
3/1/23,109.99,23002,FirstNet,,Utilities,Cellular Service,Monthly,1,Expense,tomstout,,
3/1/23,29,23002,Udemy Training Subscription,,Other Expenses: Line 48,Education,Monthly,"TSP, LLC",Expense,tomstout,,
3/1/23,99.38,23002,iPad,,Other Expenses: Line 48,Office Equipment,Monthly,"TSP, LLC",Expense,tomstout,,
3/1/23,128,23002,Leaseville,,Other Expenses: Line 48,Office Equipment,Monthly,Tom Stout Photography,Expense,tomstout,,
3/1/23,82.08,23002,Samsung Monitor - Affirm,,Other Expenses: Line 48,Office Equipment,Monthly,"TSP, LLC",Expense,tomstout,,
3/1/23,29.99,23002,Adobe CC,,Other Expenses: Line 48,Software,Monthly,"TSP, LLC",Expense,tomstout,,
3/1/23,9.99,23002,Apple iCloud,,Other Expenses: Line 48,Software,Monthly,"TSP, LLC",Expense,tomstout,,
3/1/23,13.36,23002,Microsoft 365,,Other Expenses: Line 48,Software,Monthly,"TSP, LLC",Expense,tomstout,,
3/1/23,17,23002,Heroku,,Other Expenses: Line 48,Web Hosting,Monthly,"TSP, LLC",Expense,tomstout,,
3/8/23,575.92,230011,Gainsville - Fatheadz,None,Gross Receipts,Drone Services,Gainesville,3,Expense,tomstout,,
3/10/23,284.56,23002,Gainsville,/Volumes/Business/TSP/_FINANCIAL/2023/2022_Receipts/Gainsville Hotel.pdf,Travel & Meals: Travel,Hotels,Gainesville,Airborne Images,Expense,tomstout,,
3/14/23,13.38,23002,Office 365,None,Other Expenses: Line 48,Software,Monthly,"TSP, LLC",Expense,tomstout,,
3/14/23,15.36,23002,Website - Heroku,None,Other Expenses: Line 48,Web Hosting,Monthly,"TSP, LLC",Expense,tomstout,,
3/16/23,13.36,23002,Paddle.net,None,Other Expenses: Line 48,Software,Monthly,"TSP, LLC",Expense,tomstout,,
3/20/23,9.99,23002,Apple iCloud,None,Other Expenses: Line 48,Software,Monthly,"TSP, LLC",Expense,tomstout,,
3/29/23,49,23002,Coursera,None,Other Expenses: Line 48,Education,Monthly,4,Expense,tomstout,,
3/31/23,191.25,23002,Pomona I,/Volumes/Business/TSP/_FINANCIAL//2023/2022_Receipts/Pomona_Car.pdf,Travel & Meals: Travel,Car Rental,Pomona I,Airborne Images,Expense,tomstout,,Rental Car
4/1/23,176.84,23002,The Hartford,,Insurance,Business Insurance,Monthly,"TSP, LLC",Expense,tomstout,,
4/1/23,74.4,23002,Cell Phone,,Utilities,Cellular Service,Monthly,1,Expense,tomstout,,
4/1/23,109.99,23002,FirstNet,,Utilities,Cellular Service,Monthly,1,Expense,tomstout,,
4/1/23,29,23002,Udemy Training Subscription,,Other Expenses: Line 48,Education,Monthly,"TSP, LLC",Expense,tomstout,,
4/1/23,99.38,23002,iPad,,Other Expenses: Line 48,Office Equipment,Monthly,"TSP, LLC",Expense,tomstout,,
4/1/23,128,23002,Leaseville,,Other Expenses: Line 48,Office Equipment,Monthly,Tom Stout Photography,Expense,tomstout,,
4/1/23,82.08,23002,Samsung Monitor - Affirm,,Other Expenses: Line 48,Office Equipment,Monthly,"TSP, LLC",Expense,tomstout,,
4/1/23,29.99,23002,Adobe CC,,Other Expenses: Line 48,Software,Monthly,"TSP, LLC",Expense,tomstout,,
4/1/23,9.99,23002,Apple iCloud,,Other Expenses: Line 48,Software,Monthly,"TSP, LLC",Expense,tomstout,,
4/1/23,13.36,23002,Microsoft 365,,Other Expenses: Line 48,Software,Monthly,"TSP, LLC",Expense,tomstout,,
4/1/23,17,23002,Heroku,,Other Expenses: Line 48,Web Hosting,Monthly,"TSP, LLC",Expense,tomstout,,
4/3/23,36,23002,Gainsville Parking,/Volumes/Business/TSP/_FINANCIAL//2023/2022_Receipts/indianapolis.pdf,Travel & Meals: Travel,Other Travel,Gainesville,Airborne Images,Expense,tomstout,,
4/14/23,13.38,23002,Office 365,None,Other Expenses: Line 48,Software,Monthly,"TSP, LLC",Expense,tomstout,,
4/14/23,15.36,23002,Website - Heroku,None,Other Expenses: Line 48,Web Hosting,Monthly,"TSP, LLC",Expense,tomstout,,
4/16/23,13.36,23002,Paddle.net,None,Other Expenses: Line 48,Software,Monthly,"TSP, LLC",Expense,tomstout,,
4/20/23,250,230011,Drone Purchase,None,Other Expenses: Line 53,Drone Equipment,,3,Expense,tomstout,,
4/20/23,1500,230011,Gainesville Invoice,None,Gross Receipts,Drone Services,Gainesville,3,Income,tomstout,,
4/20/23,9.99,23002,Apple iCloud,None,Other Expenses: Line 48,Software,Monthly,"TSP, LLC",Expense,tomstout,,
4/26/23,128,23002,Leaseville,None,Other Expenses: Line 48,Office Equipment,Monthly,Tom Stout Photography,Expense,tomstout,,
4/29/23,49,23002,Coursera,None,Other Expenses: Line 48,Education,Monthly,4,Expense,tomstout,,
5/1/23,176.84,23002,The Hartford,,Insurance,Business Insurance,Monthly,"TSP, LLC",Expense,tomstout,,
5/1/23,74.4,23002,Cell Phone,,Utilities,Cellular Service,Monthly,1,Expense,tomstout,,
5/1/23,109.99,23002,FirstNet,,Utilities,Cellular Service,Monthly,1,Expense,tomstout,,
5/1/23,29,23002,Udemy Training Subscription,,Other Expenses: Line 48,Education,Monthly,"TSP, LLC",Expense,tomstout,,
5/1/23,99.38,23002,iPad,,Other Expenses: Line 48,Office Equipment,Monthly,"TSP, LLC",Expense,tomstout,,
5/1/23,128,23002,Leaseville,,Other Expenses: Line 48,Office Equipment,Monthly,Tom Stout Photography,Expense,tomstout,,
5/1/23,82.08,23002,Samsung Monitor - Affirm,,Other Expenses: Line 48,Office Equipment,Monthly,"TSP, LLC",Expense,tomstout,,
5/1/23,29.99,23002,Adobe CC,,Other Expenses: Line 48,Software,Monthly,"TSP, LLC",Expense,tomstout,,
5/1/23,9.99,23002,Apple iCloud,,Other Expenses: Line 48,Software,Monthly,"TSP, LLC",Expense,tomstout,,
5/1/23,13.36,23002,Microsoft 365,,Other Expenses: Line 48,Software,Monthly,"TSP, LLC",Expense,tomstout,,
5/1/23,17,23002,Heroku,,Other Expenses: Line 48,Web Hosting,Monthly,"TSP, LLC",Expense,tomstout,,
5/14/23,13.38,23002,Office 365,None,Other Expenses: Line 48,Software,Monthly,"TSP, LLC",Expense,tomstout,,
5/14/23,17,23002,Website - Heroku,None,Other Expenses: Line 48,Web Hosting,Monthly,"TSP, LLC",Expense,tomstout,,
5/15/23,250,230012,Drone Purchase,,Other Expenses: Line 49,Drone Equipment,,3,Expense,tomstout,,
5/15/23,250,230013,Drone Purchase,,Other Expenses: Line 54,Drone Equipment,,3,Expense,tomstout,,
5/15/23,250,230014,Drone Purchase,,Other Expenses: Line 55,Drone Equipment,,3,Expense,tomstout,,
5/15/23,1500,230012,NHRA Invoice for Phoenix,,Gross Receipts,Drone Services,Phoenix,Airborne Images,Income,tomstout,,
5/15/23,1500,230013,Pomona Invoice,,Gross Receipts,Drone Services,Pomona II,Airborne Images,Income,tomstout,,
5/15/23,1500,230014,Vegas Invoice,,Gross Receipts,Drone Services,Vegas II,Airborne Images,Income,tomstout,,
5/16/23,13.36,23002,Paddle.net,None,Other Expenses: Line 48,Software,Monthly,"TSP, LLC",Expense,tomstout,,
5/20/23,9.99,23002,Apple iCloud,None,Other Expenses: Line 48,Software,Monthly,"TSP, LLC",Expense,tomstout,,
5/26/23,128,23002,Leaseville,None,Other Expenses: Line 48,Office Equipment,Monthly,Tom Stout Photography,Expense,tomstout,,
5/29/23,72.39,23002,Amazon Order-DJI Controller,DJI RCN1,Other Expenses: Line 48,Drone Equipment,,3,Expense,tomstout,,
5/29/23,49,23002,Coursera,None,Other Expenses: Line 48,Education,Monthly,4,Expense,tomstout,,
5/30/23,156,23002,Aviation Insurance,None,Insurance,Aviation Insurancve,Monthly,3,Expense,tomstout,,
5/30/23,144.86,23002,The Hartford Insurance,None,Insurance,Business Insurance,Monthly,"TSP, LLC",Expense,tomstout,,
6/1/23,176.84,23002,The Hartford,,Insurance,Business Insurance,Monthly,"TSP, LLC",Expense,tomstout,,
6/1/23,74.4,23002,Cell Phone,,Utilities,Cellular Service,Monthly,1,Expense,tomstout,,
6/1/23,109.99,23002,FirstNet,,Utilities,Cellular Service,Monthly,1,Expense,tomstout,,
6/1/23,29,23002,Udemy Training Subscription,,Other Expenses: Line 48,Education,Monthly,"TSP, LLC",Expense,tomstout,,
6/1/23,99.38,23002,iPad,,Other Expenses: Line 48,Office Equipment,Monthly,"TSP, LLC",Expense,tomstout,,
6/1/23,128,23002,Leaseville,,Other Expenses: Line 48,Office Equipment,Monthly,Tom Stout Photography,Expense,tomstout,,
6/1/23,82.08,23002,Samsung Monitor - Affirm,,Other Expenses: Line 48,Office Equipment,Monthly,"TSP, LLC",Expense,tomstout,,
6/1/23,29.99,23002,Adobe CC,,Other Expenses: Line 48,Software,Monthly,"TSP, LLC",Expense,tomstout,,
6/1/23,9.99,23002,Apple iCloud,,Other Expenses: Line 48,Software,Monthly,"TSP, LLC",Expense,tomstout,,
6/1/23,13.36,23002,Microsoft 365,,Other Expenses: Line 48,Software,Monthly,"TSP, LLC",Expense,tomstout,,
6/1/23,17,23002,Heroku,,Other Expenses: Line 48,Web Hosting,Monthly,"TSP, LLC",Expense,tomstout,,
6/14/23,13.38,23002,Office 365,None,Other Expenses: Line 48,Software,Monthly,"TSP, LLC",Expense,tomstout,,
6/14/23,17,23002,Website - Heroku,None,Other Expenses: Line 48,Web Hosting,Monthly,"TSP, LLC",Expense,tomstout,,
6/16/23,13.36,23002,Paddle.net,None,Other Expenses: Line 48,Software,Monthly,"TSP, LLC",Expense,tomstout,,
6/18/23,187.82,23002,Amazon order -Tent,None,Other Expenses: Line 48,Drone Equipment,,3,Expense,tomstout,,
6/20/23,9.99,23002,Apple iCloud,None,Other Expenses: Line 48,Software,Monthly,"TSP, LLC",Expense,tomstout,,
6/24/23,82.18,23002,Samsung Monitor - Affirm,None,Other Expenses: Line 48,Office Equipment,Monthly,"TSP, LLC",Expense,tomstout,,
6/26/23,248,23002,Aviation Insurance,None,Insurance,Aviation Insurancve,Monthly,3,Expense,tomstout,,
6/26/23,7.14,23002,,None,Travel & Meals: Deductible Meals,Meals,Norwalk,Airborne Images,Expense,tomstout,,
6/26/23,128,23002,Leaseville,None,Other Expenses: Line 48,Office Equipment,Monthly,Tom Stout Photography,Expense,tomstout,,
6/26/23,4.75,23002,"Norwalk, Toll",None,Travel & Meals: Travel,Other Travel,Norwalk,Airborne Images,Expense,tomstout,,
6/29/23,49,23002,Coursera,None,Other Expenses: Line 48,Education,Monthly,4,Expense,tomstout,,
6/30/23,127,23002,Checked Bag,None,Travel & Meals: Travel,Airfare,Denver,3,Expense,tomstout,,
6/30/23,295.26,23002,The Hartford Insurance,None,Insurance,Business Insurance,Monthly,"TSP, LLC",Expense,tomstout,,
6/30/23,32,23002,Denver,None,Travel & Meals: Deductible Meals,Meals,Denver,3,Expense,tomstout,,
7/1/23,176.84,23002,The Hartford,,Insurance,Business Insurance,Monthly,"TSP, LLC",Expense,tomstout,,
7/1/23,74.4,23002,Cell Phone,,Utilities,Cellular Service,Monthly,1,Expense,tomstout,,
7/1/23,109.99,23002,FirstNet,,Utilities,Cellular Service,Monthly,1,Expense,tomstout,,
7/1/23,29,23002,Udemy Training Subscription,,Other Expenses: Line 48,Education,Monthly,"TSP, LLC",Expense,tomstout,,
7/1/23,99.38,23002,iPad,,Other Expenses: Line 48,Office Equipment,Monthly,"TSP, LLC",Expense,tomstout,,
7/1/23,128,23002,Leaseville,,Other Expenses: Line 48,Office Equipment,Monthly,Tom Stout Photography,Expense,tomstout,,
7/1/23,82.08,23002,Samsung Monitor - Affirm,,Other Expenses: Line 48,Office Equipment,Monthly,"TSP, LLC",Expense,tomstout,,
7/1/23,29.99,23002,Adobe CC,,Other Expenses: Line 48,Software,Monthly,"TSP, LLC",Expense,tomstout,,
7/1/23,9.99,23002,Apple iCloud,,Other Expenses: Line 48,Software,Monthly,"TSP, LLC",Expense,tomstout,,
7/1/23,13.36,23002,Microsoft 365,,Other Expenses: Line 48,Software,Monthly,"TSP, LLC",Expense,tomstout,,
7/1/23,17,23002,Heroku,,Other Expenses: Line 48,Web Hosting,Monthly,"TSP, LLC",Expense,tomstout,,
7/7/23,35.36,23002,DJI Mini 3 Pro Batteries,None,Other Expenses: Line 48,Drone Equipment,,3,Expense,tomstout,,
7/13/23,32.16,23002,GoDaddy Domain Renewal,None,Other Expenses: Line 48,Web Hosting,Monthly,"TSP, LLC",Expense,tomstout,,
7/14/23,13.38,23002,Office 365,None,Other Expenses: Line 48,Software,Monthly,"TSP, LLC",Expense,tomstout,,
7/14/23,17,23002,Website - Heroku,None,Other Expenses: Line 48,Web Hosting,Monthly,"TSP, LLC",Expense,tomstout,,
7/16/23,13.36,23002,Paddle.net,None,Other Expenses: Line 48,Software,Monthly,"TSP, LLC",Expense,tomstout,,
7/20/23,9.99,23002,Apple iCloud,None,Other Expenses: Line 48,Software,Monthly,"TSP, LLC",Expense,tomstout,,
7/24/23,82.18,23002,Samsung Monitor - Affirm,None,Other Expenses: Line 48,Office Equipment,Monthly,"TSP, LLC",Expense,tomstout,,
7/26/23,132,23002,,None,Travel & Meals: Travel,Car Rental,Seattle,Airborne Images,Expense,tomstout,,Rental Car
7/26/23,52.68,23002,,None,Travel & Meals: Travel,Fuel,Seattle,Airborne Images,Expense,tomstout,,Rental Car
7/26/23,128,23002,Leaseville,None,Other Expenses: Line 48,Office Equipment,Monthly,Tom Stout Photography,Expense,tomstout,,
7/27/23,25.16,23002,Sonoma Meals,None,Travel & Meals: Deductible Meals,Meals,Sonoma,Airborne Images,Expense,tomstout,,
7/27/23,23.58,23002,,None,Travel & Meals: Deductible Meals,Meals,Seattle,Airborne Images,Expense,tomstout,,
7/29/23,49,23002,Coursera,None,Other Expenses: Line 48,Education,Monthly,4,Expense,tomstout,,
7/30/23,156,23002,Aviation Insurance,None,Insurance,Aviation Insurancve,Monthly,3,Expense,tomstout,,
7/30/23,144.86,23002,The Hartford Insurance,None,Insurance,Business Insurance,Monthly,"TSP, LLC",Expense,tomstout,,
7/30/23,48.02,230017,Sonoma gas,,Travel & Meals: Travel,fuel,Sonoma,Airborne Images,Expense,tomstout,,Rental Car
8/1/23,176.84,23002,The Hartford,,Insurance,Business Insurance,Monthly,"TSP, LLC",Expense,tomstout,,
8/1/23,74.4,23002,Cell Phone,,Utilities,Cellular Service,Monthly,1,Expense,tomstout,,
8/1/23,109.99,23002,FirstNet,,Utilities,Cellular Service,Monthly,1,Expense,tomstout,,
8/1/23,29,23002,Udemy Training Subscription,,Other Expenses: Line 48,Education,Monthly,"TSP, LLC",Expense,tomstout,,
8/1/23,99.38,23002,iPad,,Other Expenses: Line 48,Office Equipment,Monthly,"TSP, LLC",Expense,tomstout,,
8/1/23,128,23002,Leaseville,,Other Expenses: Line 48,Office Equipment,Monthly,Tom Stout Photography,Expense,tomstout,,
8/1/23,82.08,23002,Samsung Monitor - Affirm,,Other Expenses: Line 48,Office Equipment,Monthly,"TSP, LLC",Expense,tomstout,,
8/1/23,29.99,23002,Adobe CC,,Other Expenses: Line 48,Software,Monthly,"TSP, LLC",Expense,tomstout,,
8/1/23,9.99,23002,Apple iCloud,,Other Expenses: Line 48,Software,Monthly,"TSP, LLC",Expense,tomstout,,
8/1/23,13.36,23002,Microsoft 365,,Other Expenses: Line 48,Software,Monthly,"TSP, LLC",Expense,tomstout,,
8/1/23,17,23002,Heroku,,Other Expenses: Line 48,Web Hosting,Monthly,"TSP, LLC",Expense,tomstout,,
8/14/23,13.38,23002,Office 365,None,Other Expenses: Line 48,Software,Monthly,"TSP, LLC",Expense,tomstout,,
8/14/23,17,23002,Website - Heroku,None,Other Expenses: Line 48,Web Hosting,Monthly,"TSP, LLC",Expense,tomstout,,
8/15/23,250,230015,Drone Purchase,,Other Expenses: Line 50,Drone Equipment,,3,Expense,tomstout,,
8/15/23,1500,230015,Norwalk Invoice,,Gross Receipts,Drone Services,Norwalk,Airborne Images,Income,tomstout,,
8/16/23,13.36,23002,Paddle.net,None,Other Expenses: Line 48,Software,Monthly,"TSP, LLC",Expense,tomstout,,
8/20/23,9.99,23002,Apple iCloud,None,Other Expenses: Line 48,Software,Monthly,"TSP, LLC",Expense,tomstout,,
8/24/23,82.18,23002,Samsung Monitor - Affirm,None,Other Expenses: Line 48,Office Equipment,Monthly,"TSP, LLC",Expense,tomstout,,
8/25/23,250,230016,Drone Purchase,,Other Expenses: Line 58,Drone Equipment,,3,Expense,tomstout,,
8/25/23,1500,230016,Denver Invoice,,Gross Receipts,Drone Services,Denver,3,Income,tomstout,,
8/26/23,128,23002,Leaseville,None,Other Expenses: Line 48,Office Equipment,Monthly,Tom Stout Photography,Expense,tomstout,,
8/29/23,49,23002,Coursera,None,Other Expenses: Line 48,Education,Monthly,4,Expense,tomstout,,
8/30/23,156,23002,Aviation Insurance,None,Insurance,Aviation Insurancve,Monthly,3,Expense,tomstout,,
8/30/23,144.86,23002,The Hartford Insurance,None,Insurance,Business Insurance,Monthly,"TSP, LLC",Expense,tomstout,,
9/1/23,176.84,23002,The Hartford,,Insurance,Business Insurance,Monthly,"TSP, LLC",Expense,tomstout,,
9/1/23,74.4,23002,Cell Phone,,Utilities,Cellular Service,Monthly,1,Expense,tomstout,,
9/1/23,109.99,23002,FirstNet,,Utilities,Cellular Service,Monthly,1,Expense,tomstout,,
9/1/23,250,230017,Drone Purchase,,Other Expenses: Line 48,Drone Equipment,,3,Expense,tomstout,,
9/1/23,1500,230017,Seattle Invoice,,Gross Receipts,Drone Services,Seattle,Airborne Images,Income,tomstout,,
9/1/23,29,23002,Udemy Training Subscription,,Other Expenses: Line 48,Education,Monthly,"TSP, LLC",Expense,tomstout,,
9/1/23,99.38,23002,iPad,,Other Expenses: Line 48,Office Equipment,Monthly,"TSP, LLC",Expense,tomstout,,
9/1/23,128,23002,Leaseville,,Other Expenses: Line 48,Office Equipment,Monthly,Tom Stout Photography,Expense,tomstout,,
9/1/23,82.08,23002,Samsung Monitor - Affirm,,Other Expenses: Line 48,Office Equipment,Monthly,"TSP, LLC",Expense,tomstout,,
9/1/23,29.99,23002,Adobe CC,,Other Expenses: Line 48,Software,Monthly,"TSP, LLC",Expense,tomstout,,
9/1/23,9.99,23002,Apple iCloud,,Other Expenses: Line 48,Software,Monthly,"TSP, LLC",Expense,tomstout,,
9/1/23,13.36,23002,Microsoft 365,,Other Expenses: Line 48,Software,Monthly,"TSP, LLC",Expense,tomstout,,
9/1/23,17,23002,Heroku,,Other Expenses: Line 48,Web Hosting,Monthly,"TSP, LLC",Expense,tomstout,,
9/5/23,250,230018,Drone Purchase,,Other Expenses: Line 57,Drone Equipment,,3,Expense,tomstout,,
9/5/23,1548.08,230018,Sonoma Invoice,,Gross Receipts,Drone Services,Sonoma,Airborne Images,Income,tomstout,,
9/5/23,48.08,230018,Sonoma Gas,,Travel & Meals: Travel,fuel,Sonoma,Airborne Images,Expense,tomstout,,Rental Car
9/13/23,30,23002,Reading,None,Travel & Meals: Travel,Airfare,Reading,Airborne Images,Expense,tomstout,,
9/14/23,13.38,23002,Office 365,None,Other Expenses: Line 48,Software,Monthly,"TSP, LLC",Expense,tomstout,,
9/14/23,17,23002,Website - Heroku,None,Other Expenses: Line 48,Web Hosting,Monthly,"TSP, LLC",Expense,tomstout,,
9/16/23,13.36,23002,Paddle.net,None,Other Expenses: Line 48,Software,Monthly,"TSP, LLC",Expense,tomstout,,
9/20/23,9.99,23002,Apple iCloud,None,Other Expenses: Line 48,Software,Monthly,"TSP, LLC",Expense,tomstout,,
9/24/23,124,230021,Charlotte Gas,,Travel & Meals: Travel,Fuel,Charlotte I,3,Expense,tomstout,,Personal Vehicle
9/24/23,82.18,23002,Samsung Monitor - Affirm,None,Other Expenses: Line 48,Office Equipment,Monthly,"TSP, LLC",Expense,tomstout,,
9/25/23,250,230019,Drone Purchase,,Other Expenses: Line 51,Drone Equipment,,3,Expense,tomstout,,
9/25/23,1560.19,230019,Brainerd Invoice,,Gross Receipts,Drone Services,Brainerd,3,Income,tomstout,,
9/25/23,60.19,230019,Brainerd Gas,Brainerd Gas,Travel & Meals: Travel,Fuel,Brainerd,3,Expense,tomstout,,Rental Car
9/26/23,128,23002,Leaseville,None,Other Expenses: Line 48,Office Equipment,Monthly,Tom Stout Photography,Expense,tomstout,,
9/29/23,49,23002,Coursera,None,Other Expenses: Line 48,Education,Monthly,4,Expense,tomstout,,
9/30/23,156,23002,Aviation Insurance,None,Insurance,Aviation Insurancve,Monthly,3,Expense,tomstout,,
9/30/23,144.86,23002,The Hartford Insurance,None,Insurance,Business Insurance,Monthly,"TSP, LLC",Expense,tomstout,,
10/1/23,176.84,23002,The Hartford,,Insurance,Business Insurance,Monthly,"TSP, LLC",Expense,tomstout,,
10/1/23,74.4,23002,Cell Phone,,Utilities,Cellular Service,Monthly,1,Expense,tomstout,,
10/1/23,109.99,23002,FirstNet,,Utilities,Cellular Service,Monthly,1,Expense,tomstout,,
10/1/23,29,23002,Udemy Training Subscription,,Other Expenses: Line 48,Education,Monthly,"TSP, LLC",Expense,tomstout,,
10/1/23,99.38,23002,iPad,,Other Expenses: Line 48,Office Equipment,Monthly,"TSP, LLC",Expense,tomstout,,
10/1/23,128,23002,Leaseville,,Other Expenses: Line 48,Office Equipment,Monthly,Tom Stout Photography,Expense,tomstout,,
10/1/23,82.08,23002,Samsung Monitor - Affirm,,Other Expenses: Line 48,Office Equipment,Monthly,"TSP, LLC",Expense,tomstout,,
10/1/23,29.99,23002,Adobe CC,,Other Expenses: Line 48,Software,Monthly,"TSP, LLC",Expense,tomstout,,
10/1/23,9.99,23002,Apple iCloud,,Other Expenses: Line 48,Software,Monthly,"TSP, LLC",Expense,tomstout,,
10/1/23,13.36,23002,Microsoft 365,,Other Expenses: Line 48,Software,Monthly,"TSP, LLC",Expense,tomstout,,
10/1/23,17,23002,Heroku,,Other Expenses: Line 48,Web Hosting,Monthly,"TSP, LLC",Expense,tomstout,,
10/2/23,59.25,230021,St Louis Gas,,Travel & Meals: Travel,Fuel,St Louis,Airborne Images,Expense,tomstout,,Personal Vehicle
10/2/23,82.08,23002,Samsung Monitor - Affirm,,Other Expenses: Line 48,Office Equipment,Monthly,"TSP, LLC",Expense,tomstout,,
10/2/23,82.08,23002,Samsung Monitor - Affirm,,Other Expenses: Line 48,Office Equipment,Monthly,"TSP, LLC",Expense,tomstout,,
10/14/23,13.38,23002,Office 365,None,Other Expenses: Line 48,Software,Monthly,"TSP, LLC",Expense,tomstout,,
10/14/23,17,23002,Website - Heroku,None,Other Expenses: Line 48,Web Hosting,Monthly,"TSP, LLC",Expense,tomstout,,
10/15/23,250,230020,Drone Purchase,,Other Expenses: Line 59,Drone Equipment,,3,Expense,tomstout,,
10/15/23,1500,230020,Indy Invoice,,Gross Receipts,Drone Services,Indy,3,Income,tomstout,,
10/15/23,31.7,230023,Dallas Gas,,Travel & Meals: Travel,Fuel,Dallas,3,Expense,tomstout,,Rental Car
10/16/23,13.36,23002,Paddle.net,None,Other Expenses: Line 48,Software,Monthly,"TSP, LLC",Expense,tomstout,,
10/18/23,60.19,230019,Reading gas,,Travel & Meals: Travel,Fuel,Reading,Airborne Images,Expense,tomstout,,Rental Car
10/20/23,9.99,23002,Apple iCloud,None,Other Expenses: Line 48,Software,Monthly,"TSP, LLC",Expense,tomstout,,
10/24/23,82.18,23002,Samsung Monitor - Affirm,None,Other Expenses: Line 48,Office Equipment,Monthly,"TSP, LLC",Expense,tomstout,,
10/26/23,40.07,23002,,,Travel & Meals: Travel,Fuel,Vegas II,Airborne Images,Expense,tomstout,,Rental Car
10/26/23,17.32,23002,,,Travel & Meals: Deductible Meals,Meals,Vegas II,Airborne Images,Expense,tomstout,,
10/26/23,128,23002,Leaseville,None,Other Expenses: Line 48,Office Equipment,Monthly,Tom Stout Photography,Expense,tomstout,,
10/27/23,250,230022,Drone Purchase,,Other Expenses: Line 60,Drone Equipment,,3,Expense,tomstout,,
10/27/23,1624,230022,Charlotte II Invoice,,Gross Receipts,Drone Services,Charlotte II,3,Income,tomstout,,
10/27/23,124,230022,Charlotte II Gas,,Travel & Meals: Travel,Fuel,Charlotte I,3,Expense,tomstout,,Personal Vehicle
10/29/23,49,23002,Coursera,None,Other Expenses: Line 48,Education,Monthly,4,Expense,tomstout,,
10/30/23,156,23002,Aviation Insurance,None,Insurance,Aviation Insurancve,Monthly,3,Expense,tomstout,,
10/30/23,144.86,23002,The Hartford Insurance,None,Insurance,Business Insurance,Monthly,"TSP, LLC",Expense,tomstout,,
10/30/23,250,230021,Drone Purchase,,Other Expenses: Line 52,Drone Equipment,,3,Expense,tomstout,,
10/30/23,1500,230021,Reading Invoice,,Gross Receipts,Drone Services,Reading,Airborne Images,Income,tomstout,,
11/1/23,176.84,23002,The Hartford,,Insurance,Business Insurance,Monthly,"TSP, LLC",Expense,tomstout,,
11/1/23,74.4,23002,Cell Phone,,Utilities,Cellular Service,Monthly,1,Expense,tomstout,,
11/1/23,109.99,23002,FirstNet,,Utilities,Cellular Service,Monthly,1,Expense,tomstout,,
11/1/23,29,23002,Udemy Training Subscription,,Other Expenses: Line 48,Education,Monthly,"TSP, LLC",Expense,tomstout,,
11/1/23,99.38,23002,iPad,,Other Expenses: Line 48,Office Equipment,Monthly,"TSP, LLC",Expense,tomstout,,
11/1/23,128,23002,Leaseville,,Other Expenses: Line 48,Office Equipment,Monthly,Tom Stout Photography,Expense,tomstout,,
11/1/23,82.08,23002,Samsung Monitor - Affirm,,Other Expenses: Line 48,Office Equipment,Monthly,"TSP, LLC",Expense,tomstout,,
11/1/23,29.99,23002,Adobe CC,,Other Expenses: Line 48,Software,Monthly,"TSP, LLC",Expense,tomstout,,
11/1/23,9.99,23002,Apple iCloud,,Other Expenses: Line 48,Software,Monthly,"TSP, LLC",Expense,tomstout,,
11/1/23,13.36,23002,Microsoft 365,,Other Expenses: Line 48,Software,Monthly,"TSP, LLC",Expense,tomstout,,
11/1/23,17,23002,Heroku,,Other Expenses: Line 48,Web Hosting,Monthly,"TSP, LLC",Expense,tomstout,,
11/10/23,250,230023,Drone Purchase,,Other Expenses: Line 56,Drone Equipment,,3,Expense,tomstout,,
11/10/23,1559.26,230023,St Louis Invoice,,Gross Receipts,Drone Services,St Louis,Airborne Images,Income,tomstout,,
11/10/23,59.26,230023,St Louis Gas,,Travel & Meals: Travel,fuel,St Louis,Airborne Images,Expense,tomstout,,Personal Vehicle
11/12/23,48.06,230024,Pomona II Gas,,Travel & Meals: Travel,Fuel,Pomona II,Airborne Images,Expense,tomstout,,Rental Car
11/14/23,13.38,23002,Office 365,None,Other Expenses: Line 48,Software,Monthly,"TSP, LLC",Expense,tomstout,,
11/14/23,17,23002,Website - Heroku,None,Other Expenses: Line 48,Web Hosting,Monthly,"TSP, LLC",Expense,tomstout,,
11/16/23,13.36,23002,Paddle.net,None,Other Expenses: Line 48,Software,Monthly,"TSP, LLC",Expense,tomstout,,
11/20/23,1531.7,230024,Dallas Invoice,,Gross Receipts,Drone Services,Dallas,3,Income,tomstout,,
11/20/23,31.7,230024,Dallas Gas,,Travel & Meals: Travel,Fuel,Dallas,3,Expense,tomstout,,Rental Car
11/20/23,9.99,23002,Apple iCloud,None,Other Expenses: Line 48,Software,Monthly,"TSP, LLC",Expense,tomstout,,
11/24/23,82.18,23002,Samsung Monitor - Affirm,None,Other Expenses: Line 48,Office Equipment,Monthly,"TSP, LLC",Expense,tomstout,,
11/26/23,128,23002,Leaseville,None,Other Expenses: Line 48,Office Equipment,Monthly,Tom Stout Photography,Expense,tomstout,,
11/29/23,49,23002,Coursera,None,Other Expenses: Line 48,Education,Monthly,4,Expense,tomstout,,
11/30/23,156,23002,Aviation Insurance,None,Insurance,Aviation Insurancve,Monthly,3,Expense,tomstout,,
11/30/23,144.86,23002,The Hartford Insurance,None,Insurance,Business Insurance,Monthly,"TSP, LLC",Expense,tomstout,,
12/1/23,176.84,23002,The Hartford,,Insurance,Business Insurance,Monthly,"TSP, LLC",Expense,tomstout,,
12/1/23,74.4,23002,Cell Phone,,Utilities,Cellular Service,Monthly,1,Expense,tomstout,,
12/1/23,109.99,23002,FirstNet,,Utilities,Cellular Service,Monthly,1,Expense,tomstout,,
12/1/23,29,23002,Udemy Training Subscription,,Other Expenses: Line 48,Education,Monthly,"TSP, LLC",Expense,tomstout,,
12/1/23,31.7,230023,Vegas II gas,,Travel & Meals: Travel,Fuel,Vegas II,Airborne Images,Expense,tomstout,,Rental Car
12/1/23,99.38,23002,iPad,,Other Expenses: Line 48,Office Equipment,Monthly,"TSP, LLC",Expense,tomstout,,
12/1/23,128,23002,Leaseville,,Other Expenses: Line 48,Office Equipment,Monthly,Tom Stout Photography,Expense,tomstout,,
12/1/23,82.08,23002,Samsung Monitor - Affirm,,Other Expenses: Line 48,Office Equipment,Monthly,"TSP, LLC",Expense,tomstout,,
12/1/23,29.99,23002,Adobe CC,,Other Expenses: Line 48,Software,Monthly,"TSP, LLC",Expense,tomstout,,
12/1/23,9.99,23002,Apple iCloud,,Other Expenses: Line 48,Software,Monthly,"TSP, LLC",Expense,tomstout,,
12/1/23,13.36,23002,Microsoft 365,,Other Expenses: Line 48,Software,Monthly,"TSP, LLC",Expense,tomstout,,
12/1/23,17,23002,Heroku,,Other Expenses: Line 48,Web Hosting,Monthly,"TSP, LLC",Expense,tomstout,,
12/10/23,1531.71,230025,Vegas II Invoice,,Gross Receipts,Drone Services,Vegas II,Airborne Images,Income,tomstout,,
12/14/23,13.38,23002,Office 365,None,Other Expenses: Line 48,Software,Monthly,"TSP, LLC",Expense,tomstout,,
12/14/23,17,23002,Website - Heroku,None,Other Expenses: Line 48,Web Hosting,Monthly,"TSP, LLC",Expense,tomstout,,
12/16/23,13.36,23002,Paddle.net,None,Other Expenses: Line 48,Software,Monthly,"TSP, LLC",Expense,tomstout,,
12/20/23,1598.06,230026,Pomona II Invoice,,Gross Receipts,Drone Services,Pomona II,Airborne Images,Income,tomstout,,
12/20/23,98.06,230026,Pomona II Gas,,Travel & Meals: Travel,Fuel,Pomona II,Airborne Images,Expense,tomstout,,Rental Car
12/20/23,9.99,23002,Apple iCloud,None,Other Expenses: Line 48,Software,Monthly,"TSP, LLC",Expense,tomstout,,
12/24/23,82.18,23002,Samsung Monitor - Affirm,None,Other Expenses: Line 48,Office Equipment,Monthly,"TSP, LLC",Expense,tomstout,,
12/26/23,128,23002,Leaseville,None,Other Expenses: Line 48,Office Equipment,Monthly,Tom Stout Photography,Expense,tomstout,,
12/29/23,49,23002,Coursera,None,Other Expenses: Line 48,Education,Monthly,4,Expense,tomstout,,
12/30/23,156,23002,Aviation Insurance,None,Insurance,Aviation Insurancve,Monthly,3,Expense,tomstout,,
12/30/23,144.86,23002,The Hartford Insurance,None,Insurance,Business Insurance,Monthly,"TSP, LLC",Expense,tomstout,,
1/9/24,128,240999,Leaseville,None,Other Expenses: Line 48,Office Equipment,Monthly,Tom Stout Photography,Expense,tomstout,,
1/12/24,42.79,240999,LinkedIn,None,Other Expenses: Line 48,Education,Monthly,Tom Stout Photography,Expense,tomstout,,
1/12/24,9.99,240999,Apple iCloud,None,Other Expenses: Line 48,Software,Monthly,"TSP, LLC",Expense,tomstout,,
1/12/24,13.38,240999,Office 365,None,Other Expenses: Line 48,Software,Monthly,"TSP, LLC",Expense,tomstout,,
1/14/24,17,240999,Website - Heroku,None,Other Expenses: Line 48,Web Hosting,Monthly,"TSP, LLC",Expense,tomstout,,
1/22/24,13.36,240999,Paddle.Net,None,Other Expenses: Line 48,Software,Monthly,"TSP, LLC",Expense,tomstout,,
1/24/24,82.18,240999,Samsung Monitor - Affirm,None,Other Expenses: Line 48,Office Equipment,Monthly,"TSP, LLC",Expense,tomstout,,
1/30/24,144.86,240999,The Hartford Insurance,None,Insurance,Business Insurance,Monthly,"TSP, LLC",Expense,tomstout,,
1/30/24,49,240999,Coursera,None,Other Expenses: Line 48,Education,Monthly,1,Expense,tomstout,,
2/5/24,5,240999,FAA Drone Registration,None,Other Expenses: Line 48,Registrations,,Airborne Images,Expense,tomstout,,
2/5/24,5,240999,Gumroad Software,None,Other Expenses: Line 48,Software,Monthly,"TSP, LLC",Expense,tomstout,,
2/9/24,128,240999,Leaseville,None,Other Expenses: Line 48,Office Equipment,Monthly,Tom Stout Photography,Expense,tomstout,,
2/12/24,42.79,240999,LinkedIn,None,Other Expenses: Line 48,Education,Monthly,Tom Stout Photography,Expense,tomstout,,
2/12/24,9.99,240999,Apple iCloud,None,Other Expenses: Line 48,Software,Monthly,"TSP, LLC",Expense,tomstout,,
2/12/24,13.38,240999,Office 365,None,Other Expenses: Line 48,Software,Monthly,"TSP, LLC",Expense,tomstout,,
2/14/24,17,240999,Website - Heroku,None,Other Expenses: Line 48,Web Hosting,Monthly,"TSP, LLC",Expense,tomstout,,
2/15/24,74.4,240999,Cell Phone,,Utilities,Cellular Service,Monthly,1,Expense,tomstout,,
2/15/24,74.4,240999,Cell Phone,,Utilities,Cellular Service,Monthly,1,Expense,tomstout,,
2/15/24,99.38,240999,iPad,,Other Expenses: Line 48,Office Equipment,Monthly,"TSP, LLC",Expense,tomstout,,
2/15/24,99.38,240999,iPad,,Other Expenses: Line 48,Office Equipment,Monthly,"TSP, LLC",Expense,tomstout,,
2/22/24,13.36,240999,Paddle.Net,None,Other Expenses: Line 48,Software,Monthly,"TSP, LLC",Expense,tomstout,,
2/24/24,82.18,240999,Samsung Monitor - Affirm,None,Other Expenses: Line 48,Office Equipment,Monthly,"TSP, LLC",Expense,tomstout,,
2/28/24,144.86,240999,The Hartford Insurance,None,Insurance,Business Insurance,Monthly,"TSP, LLC",Expense,tomstout,,
2/28/24,49,240999,Coursera,None,Other Expenses: Line 48,Education,Monthly,1,Expense,tomstout,,
3/7/24,400,240999,DRE Portraits,PNC Deposit,Gross Receipts,Photography Services,DRE,Tom Stout Photography,Income,tomstout,,
3/14/24,85.79,240015,Gainesville Gas,,Travel & Meals: Travel,Fuel,Gainesville,3,Expense,tomstout,,Rental Car
3/21/24,161.36,240999,The Hartford,,Insurance,Business Insurance,Monthly,"TSP, LLC",Expense,tomstout,,
3/21/24,74.4,240999,Cell Phone,Utilities,Utilities,Cellular Service,Monthly,1,Expense,tomstout,,
3/21/24,109.99,240999,FirstNet,,Utilities,Cellular Service,Monthly,1,Expense,tomstout,,
3/21/24,29,240999,Udemy Training Subscription,,Other Expenses: Line 48,Education,Monthly,"TSP, LLC",Expense,tomstout,,
3/21/24,30,240016,Pomona I,,Travel & Meals: Deductible Meals,Meals,Pomona I,Airborne Images,Expense,tomstout,,
3/21/24,128,240999,Leaseville,,Other Expenses: Line 48,Office Equipment,Monthly,Tom Stout Photography,Expense,tomstout,,
3/21/24,82.08,240999,Samsung Monitor - Affirm,,Other Expenses: Line 48,Office Equipment,Monthly,"TSP, LLC",Expense,tomstout,,
3/21/24,29.99,240999,Adobe CC,,Other Expenses: Line 48,Software,Monthly,"TSP, LLC",Expense,tomstout,,
3/21/24,9.99,240999,Apple iCloud,,Other Expenses: Line 48,Software,Monthly,"TSP, LLC",Expense,tomstout,,
3/21/24,13.36,240999,Microsoft 365,,Other Expenses: Line 48,Software,Monthly,"TSP, LLC",Expense,tomstout,,
3/21/24,17,240999,Heroku,,Other Expenses: Line 48,Web Hosting,Monthly,"TSP, LLC",Expense,tomstout,,
3/22/24,49.78,240016,Pomona I,/Volumes/Business/TSP/_Financial/2024/Invoices/240016_NHRA.pdf,Travel & Meals: Travel,Fuel,Pomona I,Airborne Images,Expense,tomstout,,Rental Car
3/22/24,10.72,240016,Pomona I,Blaze CC,Travel & Meals: Deductible Meals,Meals,Pomona I,Airborne Images,Expense,tomstout,,
3/23/24,13.2,240016,Pomona I,Blaze CC,Travel & Meals: Deductible Meals,Meals,Pomona I,Airborne Images,Expense,tomstout,,
3/27/24,180.11,240999,Google Ads,Blaze CC,Advertising,Advertising,,Tom Stout Photography,Expense,tomstout,,
4/8/24,27.99,240018,Phoenix,/volumes/TSP/_FINANCIAL/2024/Receipts/PHX_Gas.jpeg,Travel & Meals: Travel,Fuel,Phoenix,Airborne Images,Expense,tomstout,,Rental Car
4/8/24,28.59,240018,Phoenix,/volumes/TSP/_FINANCIAL/2024/Receipts/PHX_Meal.jpeg,Travel & Meals: Deductible Meals,Meals,Phoenix,Airborne Images,Expense,tomstout,,
4/10/24,143.61,240999,The Hartford,,Insurance,Business Insurance,Monthly,"TSP, LLC",Expense,tomstout,,
4/10/24,74.4,240999,Cell Phone,,Utilities,Cellular Service,Monthly,1,Expense,tomstout,,
4/10/24,109.99,240999,FirstNet,,Utilities,Cellular Service,Monthly,1,Expense,tomstout,,
4/10/24,1335.79,240015,Gainsville invoice,PNC Deposit,Gross Receipts,Drone Services,Gainesville,3,Income,tomstout,,
4/10/24,29,240999,Udemy Training Subscription,,Other Expenses: Line 48,Education,Monthly,"TSP, LLC",Expense,tomstout,,
4/10/24,99.38,240999,iPad,,Other Expenses: Line 48,Office Equipment,Monthly,"TSP, LLC",Expense,tomstout,,
4/10/24,128,240999,Leaseville,,Other Expenses: Line 48,Office Equipment,Monthly,Tom Stout Photography,Expense,tomstout,,
4/10/24,82.08,240999,Samsung Monitor - Affirm,,Other Expenses: Line 48,Office Equipment,Monthly,"TSP, LLC",Expense,tomstout,,
4/10/24,29.99,240999,Adobe CC,,Other Expenses: Line 48,Software,Monthly,"TSP, LLC",Expense,tomstout,,
4/10/24,9.99,240999,Apple iCloud,,Other Expenses: Line 48,Software,Monthly,"TSP, LLC",Expense,tomstout,,
4/10/24,13.36,240999,Microsoft 365,,Other Expenses: Line 48,Software,Monthly,"TSP, LLC",Expense,tomstout,,
4/10/24,17,240999,Heroku,,Other Expenses: Line 48,Web Hosting,Monthly,"TSP, LLC",Expense,tomstout,,
4/14/24,61.87,240019,Vegas I,Capital One CC,Travel & Meals: Travel,Fuel,Vegas I,Airborne Images,Expense,tomstout,,Rental Car
4/15/24,74.04,240019,Vegas I - Flights,Capital One CC,Travel & Meals: Travel,Airfare,Vegas I,Airborne Images,Expense,tomstout,,
4/16/24,1389.93,240999,Mavic 3 Classic Drone Kit - Roberts,/volumes/TSP/_FINANCIAL/2024/Receipts/mavic_3_classic.pdf,Other Expenses: Line 48,Drone Equipment,,Airborne Images,Expense,tomstout,,
4/16/24,44.48,240019,Vegas I - Meals,Capital One CC,Travel & Meals: Deductible Meals,Meals,Vegas I,Airborne Images,Expense,tomstout,,
4/16/24,25.3,240019,Vegas I - Meals,Capital One CC,Travel & Meals: Deductible Meals,Meals,Vegas I,Airborne Images,Expense,tomstout,,
4/16/24,74.85,240999,Camera Neck Strap - Roberts,/volumes/TSP/_FINANCIAL/2024/Receipts/camera_strap.pdf,Other Expenses: Line 48,Photography Equipment,,Tom Stout Photography,Expense,tomstout,,
4/17/24,17.68,240018,Phoenix - Meals,Capital One CC,Travel & Meals: Deductible Meals,Meals,Phoenix,Airborne Images,Expense,tomstout,,
4/18/24,61.87,240019,Vegas I Gas,,Travel & Meals: Travel,Fuel,Vegas I,Airborne Images,Expense,tomstout,,Rental Car
4/18/24,14.8,240020,Drinkwater Wedding,Stripe fee for Drinkwater Wedding Deposit,Gross Receipts,Photography Services,Drinkwater,Tom Stout Photography,Expense,tomstout,,
4/18/24,500,240020,Wedding Deposit - Drinkwater,Stripe Payment,Gross Receipts,Photography Services,Drinkwater,Tom Stout Photography,Income,tomstout,,
4/23/24,1299.78,240016,Pomona I,,Gross Receipts,Drone Services,Pomona I,Airborne Images,Income,tomstout,,
4/26/24,56.1,240025,Charlotte I Gas,Capital One CC,Travel & Meals: Travel,Fuel,Charlotte I,3,Expense,tomstout,,Personal Vehicle
4/29/24,18.94,240025,Charlotte I Gas,Blaze CC,Travel & Meals: Travel,Fuel,Charlotte I,3,Expense,tomstout,,Personal Vehicle
4/29/24,11.42,240025,Charlotte I Gas,Blaze CC,Travel & Meals: Travel,Fuel,Charlotte I,3,Expense,tomstout,,Personal Vehicle
4/30/24,251.03,240025,Charlotte I Car,Blaze CC,Travel & Meals: Travel,Car Rental,Charlotte I,3,Expense,tomstout,,Rental Car
5/1/24,42.86,240047,Norwalk - Gas,Capital One CC,Travel & Meals: Travel,Fuel,Norwalk,Airborne Images,Expense,tomstout,,Personal Vehicle
5/4/24,54,240999,PS & LR Editing software,Email,Other Expenses: Line 48,Software,Monthly,Tom Stout Photography,Expense,tomstout,,
5/6/24,13.99,240049,Sonoma Air,PNC Debit,Travel & Meals: Travel,Airfare,Sonoma,Airborne Images,Expense,tomstout,,
5/6/24,17.99,240049,Sonoma Air,PNC Debit,Travel & Meals: Travel,Airfare,Sonoma,Airborne Images,Expense,tomstout,,
5/6/24,54,240999,Serge Remelle Software Training,PNC Debit,Other Expenses: Line 48,Education,,Tom Stout Photography,Expense,tomstout,,
5/6/24,68,,Minnesota gas,PNC Debit,Travel & Meals: Travel,Fuel,Brainerd,Airborne Images,Expense,tomstout,,Rental Car
5/6/24,248.6,240049,Sonoma Air,PNC Debit,Travel & Meals: Travel,fuel,Sonoma,Airborne Images,Expense,tomstout,,Rental Car
5/8/24,251.03,,Chicago Car,Blaze CC,Travel & Meals: Travel,Car Rental,Chicago,Airborne Images,Expense,tomstout,,Rental Car
5/8/24,315,240999,Mavic 3 Repair,PNC Debit,Repairs & Maintenance,Drone Repairs,,Airborne Images,Expense,tomstout,,
5/8/24,29.99,240018,Phoenix Gas,,Travel & Meals: Travel,Fuel,Phoenix,Airborne Images,Expense,tomstout,,Rental Car
5/9/24,6.08,240027,Senior Portraits - Langemeier,,Other Expenses: Line 48,Bank Fees,Langemeir,Tom Stout Photography,Expense,tomstout,,
5/9/24,143.61,240999,The Hartford,,Insurance,Business Insurance,Monthly,"TSP, LLC",Expense,tomstout,,
5/9/24,1277.99,240018,Phoenix,Deposited to PNC,Gross Receipts,Drone Services,Phoenix,Airborne Images,Income,tomstout,,
5/9/24,175,240027,Senior Portraits - Langemeier,file:///Volumes/Business/TSP/_FINANCIAL/2024/Invoices/240027_Jacob_Langemeier.pdf,Gross Receipts,Photography Services,Langemeir,Tom Stout Photography,Income,tomstout,,
5/10/24,397,240999,Drone Launch Academy,PNC Debit Card,Other Expenses: Line 48,Education,,3,Expense,tomstout,,
5/13/24,74.4,240999,Cell Phone,,Utilities,Cellular Service,Monthly,1,Expense,tomstout,,
5/13/24,109.99,240999,FirstNet,,Utilities,Cellular Service,Monthly,1,Expense,tomstout,,
5/13/24,29,240999,Udemy Training Subscription,,Other Expenses: Line 48,Education,Monthly,"TSP, LLC",Expense,tomstout,,
5/13/24,99.38,240999,iPad,,Other Expenses: Line 48,Office Equipment,Monthly,"TSP, LLC",Expense,tomstout,,
5/13/24,128,240999,Leaseville,,Other Expenses: Line 48,Office Equipment,Monthly,Tom Stout Photography,Expense,tomstout,,
5/13/24,82.08,240999,Samsung Monitor - Affirm,,Other Expenses: Line 48,Office Equipment,Monthly,"TSP, LLC",Expense,tomstout,,
5/13/24,29.99,240999,Adobe CC,,Other Expenses: Line 48,Software,Monthly,"TSP, LLC",Expense,tomstout,,
5/13/24,9.99,240999,Apple iCloud,,Other Expenses: Line 48,Software,Monthly,"TSP, LLC",Expense,tomstout,,
5/13/24,13.36,240999,Microsoft 365,,Other Expenses: Line 48,Software,Monthly,"TSP, LLC",Expense,tomstout,,
5/13/24,17,240999,Heroku,,Other Expenses: Line 48,Web Hosting,Monthly,"TSP, LLC",Expense,tomstout,,
5/14/24,1311.87,240019,Vegas I,PNC Deposit,Gross Receipts,Drone Services,Vegas I,Airborne Images,Income,tomstout,,
5/16/24,239,240999,DJI Care Refresh for Mavic 3 Pro,PNC Debit Card,Repairs & Maintenance,Drone Equipment,,3,Expense,tomstout,,
5/16/24,230.54,240999,DJI RC Pro Controller,Chase Business Card,Other Expenses: Line 48,Drone Equipment,,3,Expense,tomstout,,
5/16/24,40.05,240033,240033,/Volumes/Business/TSP/_FINANCIAL/2024/Receipts/240031_gas_2.pdf,Travel & Meals: Travel,Fuel,Chicago,3,Expense,tomstout,,Personal Vehicle
5/16/24,29.4,240033,240033,/Volumes/Business/TSP/_FINANCIAL/2024/Receipts,Travel & Meals: Travel,Fuel,Chicago,3,Expense,tomstout,,Personal Vehicle
5/16/24,5,240999,Drone Registration,PNC Debit,Other Expenses: Line 48,Other  ,,Airborne Images,Expense,tomstout,,
5/20/24,50.08,240033,240033,/volumes/TSP/_FINANCIAL/2024/Receipts/240031_NHRA_Chicago_Gas_2.pdf,Travel & Meals: Travel,Fuel,Chicago,3,Expense,tomstout,,Personal Vehicle
5/20/24,575.36,240033,240033,/volumes/TSP/_FINANCIAL/2024/Receipts/240031_NHRA_Chicago_Hotel.pdf,Travel & Meals: Travel,Fuel,Chicago,3,Expense,tomstout,,Personal Vehicle
5/30/24,230.54,240999,DJI RC Pro Controller,Chase Business Card,Other Expenses: Line 48,Drone Equipment,,3,Expense,tomstout,,
6/1/24,143.61,240999,The Hartford,Chase Debit,Insurance,Business Insurance,Monthly,"TSP, LLC",Expense,tomstout,,
6/1/24,74.4,240999,Cell Phone,PNC Debit,Utilities,Cellular Service,Monthly,1,Expense,tomstout,,
6/1/24,109.99,240999,FirstNet,PNC Debit,Utilities,Cellular Service,Monthly,1,Expense,tomstout,,
6/1/24,29,240999,Udemy Training Subscription,PNC Debit,Other Expenses: Line 48,Education,Monthly,"TSP, LLC",Expense,tomstout,,
6/1/24,99.38,240999,iPad,PNC Debit,Other Expenses: Line 48,Office Equipment,Monthly,"TSP, LLC",Expense,tomstout,,
6/1/24,128,240999,Leaseville,PNC Debit,Other Expenses: Line 48,Office Equipment,Monthly,Tom Stout Photography,Expense,tomstout,,
6/1/24,82.08,240999,Samsung Monitor - Affirm,PNC Debit,Other Expenses: Line 48,Office Equipment,Monthly,"TSP, LLC",Expense,tomstout,,
6/1/24,29.99,240999,Adobe CC,PNC Debit,Other Expenses: Line 48,Software,Monthly,"TSP, LLC",Expense,tomstout,,
6/1/24,9.99,240999,Apple iCloud,PNC Debit,Other Expenses: Line 48,Software,Monthly,"TSP, LLC",Expense,tomstout,,
6/1/24,13.36,240999,Microsoft 365,PNC Debit,Other Expenses: Line 48,Software,Monthly,"TSP, LLC",Expense,tomstout,,
6/1/24,17,240999,Heroku,PNC Debit,Other Expenses: Line 48,Web Hosting,Monthly,"TSP, LLC",Expense,tomstout,,
6/3/24,199,249999,Canon 16mm Lens,B & H,Other Expenses: Line 48,Photography Equipment,,Tom Stout Photography,Expense,tomstout,,
6/5/24,123.56,240999,Harbor Freight - Drone Case,Chase Business Card,Other Expenses: Line 48,Drone Equipment,,Airborne Images,Expense,tomstout,,
6/5/24,2750,240033,Chicago,PNC Deposit,Gross Receipts,Drone Services,Chicago,3,Income,tomstout,,
6/10/24,694.46,240039,Bristol Hotel,Blaze CC,Travel & Meals: Travel,Hotels,Bristol,Airborne Images,Expense,tomstout,,
6/11/24,58.15,240026,Veteran Droners Gas,Chase Business Card,Travel & Meals: Travel,Fuel,Crown Hill,Airborne Images,Expense,tomstout,,Personal Vehicle
6/12/24,135.99,240049,NHRA Sonoma,Capital One - Red,Travel & Meals: Travel,Airfare,Sonoma,Airborne Images,Expense,tomstout,,
6/12/24,251.03,240039,NHRA Bristol,Capital One - Red,Travel & Meals: Travel,Car Rental,Bristol,Airborne Images,Expense,tomstout,,Rental Car
6/13/24,230.54,240999,DJI RC Pro Controller,Chase Business Card,Other Expenses: Line 48,Drone Equipment,,3,Expense,tomstout,,
6/18/24,2750,240025,Charlotte I,PNC Deposit,Gross Receipts,Drone Services,Charlotte I,3,Income,tomstout,,
6/20/24,325,240026,Veteran Droners - Crown Hill,Stripe Deposit,Gross Receipts,Drone Services,Crown Hill,Airborne Images,Income,tomstout,,
6/20/24,108.66,240042,Richmond,Fortiva CC,Travel & Meals: Travel,Hotels,Richmond,Airborne Images,Expense,tomstout,,
6/21/24,51.75,240042,Travel: Gas,Chase Business Card,Travel & Meals: Travel,Fuel,Norwalk,Airborne Images,Expense,tomstout,,
6/22/24,46.95,240042,Virginia - Fuel,Venture Card,Travel & Meals: Travel,Fuel,Richmond,Airborne Images,Expense,tomstout,,Rental Car
6/24/24,230.54,240999,DJI RC Pro Controller,Chase Business Card,Other Expenses: Line 48,Drone Equipment,,3,Expense,tomstout,,
6/24/24,507,240042,NHRA Virginia,240042_hotel.pdf,Travel & Meals: Travel,Hotels,Richmond,Airborne Images,Expense,tomstout,,
6/25/24,214.19,249999,Avata II Controller,B & H,Other Expenses: Line 48,Drone Equipment,,3,Expense,tomstout,,
6/25/24,46.95,240047,Travel: Gas,Chase Business Card,Travel & Meals: Travel,Fuel,Richmond,Airborne Images,Expense,tomstout,,Personal Vehicle
6/25/24,54.25,240042,Virginia - Fuel,Venture Card,Travel & Meals: Travel,Fuel,Richmond,Airborne Images,Expense,tomstout,,Rental Car
6/26/24,251.03,240042,NHRA Virginia,Captal One - Red,Travel & Meals: Travel,Car Rental,Richmond,Airborne Images,Expense,tomstout,,Rental Car
6/26/24,44.19,240047,Travel: Gas,Chase Business Card,Travel & Meals: Travel,Fuel,Richmond,Airborne Images,Expense,tomstout,,Personal Vehicle
6/26/24,38.85,240047,Travel: Gas,Chase Business Card,Travel & Meals: Travel,Fuel,Richmond,Airborne Images,Expense,tomstout,,Personal Vehicle
6/27/24,248.18,240051,Brainerd,Credit One Red,Travel & Meals: Travel,Airfare,Brainerd,3,Expense,tomstout,,
6/27/24,36.94,240042,NHRA Virginia,Captial One - Red,Travel & Meals: Travel,Fuel,Richmond,Airborne Images,Expense,tomstout,,Personal Vehicle
6/30/24,410.22,240047,NHRA Norwalk,Fortiva,Travel & Meals: Travel,Hotels,Norwalk,Airborne Images,Expense,tomstout,,
7/1/24,146.31,240999,The Hartford,Chase Debit,Insurance,Business Insurance,Monthly,"TSP, LLC",Expense,tomstout,,
7/1/24,200.82,240047,NHRA Norwalk,240047_Car.pdf,Travel & Meals: Travel,Car Rental,Norwalk,Airborne Images,Expense,tomstout,,Rental Car
7/1/24,109.99,240999,FirstNet,PNC Debit,Utilities,Cellular Service,Monthly,1,Expense,tomstout,,
7/1/24,29,240999,Udemy Training Subscription,PNC Debit,Other Expenses: Line 48,Education,Monthly,"TSP, LLC",Expense,tomstout,,
7/1/24,8.88,240047,NHRA Norwalk,PNC Debit,Travel & Meals: Deductible Meals,Meals,Norwalk,Airborne Images,Expense,tomstout,,
7/1/24,99.38,240999,iPad,PNC Debit,Other Expenses: Line 48,Office Equipment,Monthly,"TSP, LLC",Expense,tomstout,,
7/1/24,82.08,240999,Samsung Monitor - Affirm,PNC Debit,Other Expenses: Line 48,Office Equipment,Monthly,"TSP, LLC",Expense,tomstout,,
7/1/24,29.99,240999,Adobe CC,PNC Debit,Other Expenses: Line 48,Software,Monthly,"TSP, LLC",Expense,tomstout,,
7/1/24,9.99,240999,Apple iCloud,PNC Debit,Other Expenses: Line 48,Software,Monthly,"TSP, LLC",Expense,tomstout,,
7/1/24,13.36,240999,Microsoft 365,PNC Debit,Other Expenses: Line 48,Software,Monthly,"TSP, LLC",Expense,tomstout,,
7/1/24,17,240999,Heroku,PNC Debit,Other Expenses: Line 48,Web Hosting,Monthly,"TSP, LLC",Expense,tomstout,,
7/1/24,40.75,240049,Sonoma,None,Travel & Meals: Travel,Fuel,Sonoma,3,Expense,tomstout,,Rental Car
7/5/24,3000,240039,Bristol Invoice,PNC Deposit,Gross Receipts,Drone Services,Bristol,3,Income,tomstout,,
7/15/24,82.99,240049,NHRA Sonoma,PNC ,Travel & Meals: Travel,Fuel,Sonoma,Airborne Images,Expense,tomstout,,Rental Car
7/18/24,-82.99,240049,NHRA Sonoma - Airfare credit for Seattle,PNC ,Travel & Meals: Travel,Airfare,Sonoma,Airborne Images,Expense,tomstout,,
7/19/24,35.16,240999,GoDaddy Domain Renewal,PNC Debit,Other Expenses: Line 48,Web Hosting,Monthly,"TSP, LLC",Expense,tomstout,,
7/19/24,22.17,240999,GoDaddy Domain Renewal,PNC Debit,Other Expenses: Line 48,Web Hosting,Monthly,"TSP, LLC",Expense,tomstout,,
7/24/24,3000,240042,NHRA Virginia,Chase Business,Gross Receipts,Drone Services,Richmond,Airborne Images,Income,tomstout,,
7/26/24,7.76,240049,NHRA Sonoma,PNC Debit,Travel & Meals: Travel,Meals,Sonoma,Airborne Images,Expense,tomstout,,
7/29/24,142.46,240999,Avata 2 Case,Capital One CC,Other Expenses: Line 48,Drone Equipment,,3,Expense,tomstout,,
7/30/24,366.84,240049,NHRA Sonoma,Capital One - Red,Travel & Meals: Travel,Car Rental,Sonoma,Airborne Images,Expense,tomstout,,Rental Car
7/31/24,1112.6,240049,NHRA Sonoma ,Capital One - 5,Travel & Meals: Travel,Hotels,Sonoma,Airborne Images,Expense,tomstout,,
8/1/24,15.2,240049,NHRA Sonoma - Tolls,Capital One - Red,Travel & Meals: Travel,Other Travel,Sonoma,Airborne Images,Expense,tomstout,,
8/5/24,3000,240047,Norwalk Invoice,Chase Business,Gross Receipts,Drone Services,Norwalk,Airborne Images,Income,tomstout,,
8/19/24,319.49,240051,Brainerd Car Rental,None,Travel & Meals: Travel,Car Rental,Brainerd,3,Expense,tomstout,,Rental Car
8/19/24,63.1,240051,Brainerd Gas,Brainerd Gas,Travel & Meals: Travel,Fuel,Brainerd,3,Expense,tomstout,,Rental Car
8/21/24,1161,240051,Brainerd Hotel,Chase Business,Travel & Meals: Travel,Hotels,Brainerd,Airborne Images,Expense,tomstout,,Rental Car
8/30/24,3000,240049,Sonoma Invoice,Chase Deposit,Gross Receipts,Drone Services,Sonoma,Airborne Images,Income,tomstout,,
9/9/24,38.89,240052,Indy Gas,Venture Card,Travel & Meals: Travel,Fuel,Indy,3,Expense,tomstout,,Rental Car
9/9/24,160.36,240052,Indy Car,Venture Card,Travel & Meals: Travel,Rental Car,Indy,Airborne Images,Expense,tomstout,,
9/15/24,58.72,240053,Reading,Rose Card,Travel & Meals: Travel,Fuel,Reading,Airborne Images,Expense,tomstout,,Rental Car
9/15/24,616.98,240053,Reading Hotel,Venture Card,Travel & Meals: Travel,Hotels,Reading,Airborne Images,Expense,tomstout,,
9/16/24,37.56,250053,NHRA Reading,Venture Card,Travel & Meals: Travel,Fuel,Reading,Airborne Images,Expense,tomstout,,Rental Car
9/19/24,29.75,250043,Reading,Chase Business,Travel & Meals: Deductible Meals,Meals,Reading,Airborne Images,Expense,tomstout,,
9/20/24,3000,240051,Brainerd Invoice,Chase Business Dep.,Gross Receipts,Drone Services,Brainerd,3,Income,tomstout,,
9/24/24,356.74,240053,Reading Car,Roses Card,Travel & Meals: Travel,Car Rental,Reading,Airborne Images,Expense,tomstout,,Rental Car
9/25/24,81.05,240999,DJI Controller Repair - HDMI Port,Chase Business,Repairs & Maintenance,Drone Repairs,,3,Expense,tomstout,,
9/26/24,445.05,240054,St Louis,Chase Debit,Travel & Meals: Travel,Hotels,St Louis,Airborne Images,Expense,tomstout,,
9/26/24,19.36,240054,St Louis,Roses Card,Travel & Meals: Deductible Meals,Meals,St Louis,Airborne Images,Expense,tomstout,,
9/26/24,166.92,240999,Luggage,Chase Business,Other Expenses: Line 48,Office Equipment,Monthly,Airborne Images,Expense,tomstout,,
9/29/24,33.31,240054,St Louis Gas,Venture Card,Travel & Meals: Travel,Fuel,St Louis,Airborne Images,Expense,tomstout,,Personal Vehicle
9/29/24,48.18,240054,St Louis Gas,Venture Card,Travel & Meals: Travel,fuel,St Louis,Airborne Images,Expense,tomstout,,Personal Vehicle
9/30/24,258.59,240054,St Louis Car,Chase Debit,Travel & Meals: Travel,Car Rental,St Louis,Airborne Images,Expense,tomstout,,Rental Car
9/30/24,267.49,249999,OWC Enclosure 2,B & H,Other Expenses: Line 48,Office Equipment,,"TSP, LLC",Expense,tomstout,,
10/7/24,3000,240052,Indy invoice,Chase ACH,Gross Receipts,Drone Services,Indy,3,Income,tomstout,,
10/8/24,581.38,240059,Pomona II Air,Rose & TC Card,Travel & Meals: Travel,Airfare,Pomona II,Airborne Images,Expense,tomstout,,
10/10/24,172.44,240058,Pomona II Airfare,Capital One - T,Travel & Meals: Travel,Airfare,Pomona II,Airborne Images,Expense,tomstout,,
10/14/24,463.66,240056,Dallas Car Rental,Chase Business Card,Travel & Meals: Travel,Car Rental,Dallas,3,Expense,tomstout,,Rental Car
10/14/24,650.58,240056,Dallas Hotel,Capital One - T,Travel & Meals: Travel,Hotels,Dallas,Airborne Images,Expense,tomstout,,
10/16/24,3000,240053,Reading Invoice,Chase Business Deposit,Gross Receipts,Drone Services,Reading,Airborne Images,Income,tomstout,,
10/22/24,23.97,240056,Dallas Tolls,Chase Business,Travel & Meals: Travel,other Travel,Dallas,Airborne Images,Expense,tomstout,,
10/31/24,411.88,240057,Vegas II Car,TC Capital One,Travel & Meals: Travel,Car Rental,Vegas II,Airborne Images,Expense,tomstout,,Rental Car
11/1/24,18,240057,Vegas II Parking,Venture Card,Travel & Meals: Travel,Other Travel,Vegas II,Airborne Images,Expense,tomstout,,
11/3/24,277.36,240057,Vegas II Hotel,TC Cap1,Travel & Meals: Travel,Hotels,Vegas II,Airborne Images,Expense,tomstout,,
11/4/24,3000,240054,St Louis,Chase Business Deposit,Gross Receipts,Drone Services,St Louis,Airborne Images,Income,tomstout,,
11/14/24,3000,240056,Dallas Invoice,Chase Deposit,Gross Receipts,Drone Services,Dallas,3,Income,tomstout,,
11/18/24,311.91,240058,Pomona II Car Rental,TC Capital One,Travel & Meals: Travel,Car Rental,Pomona II,Airborne Images,Expense,tomstout,,Rental Car
11/18/24,844.25,240058,Pomona II Hotel,Roses Card,Travel & Meals: Travel,Hotels,Pomona II,Airborne Images,Expense,tomstout,,
11/19/24,80,240058,Pomona II Checked Bags,Venture Card,Travel & Meals: Travel,Airfare,Pomona II,Airborne Images,Expense,tomstout,,
11/19/24,33.23,240058,Pomona II Gas,Venture Card,Travel & Meals: Travel,Fuel,Pomona II,Airborne Images,Expense,tomstout,,Rental Car
11/20/24,234.95,I281919,InkOwl Pro 2000 Ink,Chase Business Debit,Gross Receipts,Drone Services,Indy,2,Expense,tomstout,,
11/22/24,15,October,Chase: Account Fee,Posted on the 30th,Other Expenses: Line 48,Bank Fees,Monthly,1,Expense,tomstout,,
11/22/24,15,August,Chase: Account Fee,Posted on the 30th,Other Expenses: Line 48,Bank Fees,Monthly,1,Expense,tomstout,,
11/22/24,15,July,Chase: Account Fee,Posted on the 30th,Other Expenses: Line 48,Bank Fees,Monthly,1,Expense,tomstout,,
11/22/24,15,September,Chase: Account Fee,Posted on the 30th,Other Expenses: Line 48,Bank Fees,Monthly,1,Expense,tomstout,,
11/22/24,9,September,Chase: PaymentTech,Posted on the 2nd,Other Expenses: Line 48,Bank Fees,Monthly,1,Expense,tomstout,,
11/22/24,9,October,Chase: PaymentTech,Posted on the 2nd,Other Expenses: Line 48,Bank Fees,Monthly,1,Expense,tomstout,,
11/22/24,9,July,Chase: PaymentTech,Posted on the 2nd,Other Expenses: Line 48,Bank Fees,Monthly,1,Expense,tomstout,,
11/22/24,9,August,Chase: PaymentTech,Posted on the 2nd,Other Expenses: Line 48,Bank Fees,Monthly,1,Expense,tomstout,,
11/22/24,144.29,September,Business Insurance,Posted on the 1st,Insurance,Business Insurance,Monthly,1,Expense,tomstout,,
11/22/24,144.29,October,Business Insurance,Posted on the 1st,Insurance,Business Insurance,Monthly,1,Expense,tomstout,,
11/22/24,144.29,July,Business Insurance,Posted on the 1st,Insurance,Business Insurance,Monthly,1,Expense,tomstout,,
11/22/24,144.29,August,Business Insurance,Posted on the 1st,Insurance,Business Insurance,Monthly,1,Expense,tomstout,,
11/22/24,128,October,Computer Speakers/Lights,Posted on the 11th & 13th,Other Expenses: Line 48,Computer Equipment,Monthly,1,Expense,tomstout,,
11/22/24,128,July,Computer Speakers/Lights,Posted on the 11th & 13th,Other Expenses: Line 48,Computer Equipment,Monthly,1,Expense,tomstout,,
11/22/24,128,August,Computer Speakers/Lights,Posted on the 11th & 13th,Other Expenses: Line 48,Computer Equipment,Monthly,1,Expense,tomstout,,
11/22/24,128,September,Computer Speakers/Lights,Posted on the 11th & 13th,Other Expenses: Line 48,Computer Equipment,Monthly,1,Expense,tomstout,,
11/22/24,29.99,July,Udemy Training Subscription,Posted on the 7th,Other Expenses: Line 48,Education,Monthly,"TSP, LLC",Expense,tomstout,,
11/22/24,29.99,October,Udemy Training Subscription,Posted on the 7th,Other Expenses: Line 48,Education,Monthly,"TSP, LLC",Expense,tomstout,,
11/22/24,29.99,August,Udemy Training Subscription,Posted on the 7th,Other Expenses: Line 48,Education,Monthly,"TSP, LLC",Expense,tomstout,,
11/22/24,29.99,September,Udemy Training Subscription,Posted on the 7th,Other Expenses: Line 48,Education,Monthly,"TSP, LLC",Expense,tomstout,,
11/22/24,74.4,August,FirstNet Cell Phone Purchase,Posted on the 18th,Other Expenses: Line 48,Office Equipment,Monthly,"TSP, LLC",Expense,tomstout,,
11/22/24,74.4,July,FirstNet Cell Phone Purchase,Posted on the 18th,Other Expenses: Line 48,Office Equipment,Monthly,"TSP, LLC",Expense,tomstout,,
11/22/24,74.4,September,FirstNet Cell Phone Purchase,Posted on the 18th,Other Expenses: Line 48,Office Equipment,Monthly,"TSP, LLC",Expense,tomstout,,
11/22/24,74.4,October,FirstNet Cell Phone Purchase,Posted on the 18th,Other Expenses: Line 48,Office Equipment,Monthly,"TSP, LLC",Expense,tomstout,,
11/22/24,17,October,FirstNet Cellular Service,Posted on the 8th,Other Expenses: Line 48,Office Equipment,Monthly,"TSP, LLC",Expense,tomstout,,
11/22/24,109,September,FirstNet Cellular Service,Posted on the 18th,Other Expenses: Line 48,Office Equipment,Monthly,"TSP, LLC",Expense,tomstout,,
11/22/24,109,July,FirstNet Cellular Service,Posted on the 18th,Other Expenses: Line 48,Office Equipment,Monthly,"TSP, LLC",Expense,tomstout,,
11/22/24,109,October,FirstNet Cellular Service,Posted on the 18th,Other Expenses: Line 48,Office Equipment,Monthly,"TSP, LLC",Expense,tomstout,,
11/22/24,109,August,FirstNet Cellular Service,Posted on the 18th,Other Expenses: Line 48,Office Equipment,Monthly,"TSP, LLC",Expense,tomstout,,
11/22/24,17,July,FirstNet Cellular Service,Posted on the 8th,Other Expenses: Line 48,Office Equipment,Monthly,"TSP, LLC",Expense,tomstout,,
11/22/24,17,September,FirstNet Cellular Service,Posted on the 8th,Other Expenses: Line 48,Office Equipment,Monthly,"TSP, LLC",Expense,tomstout,,
11/22/24,17,August,FirstNet Cellular Service,Posted on the 8th,Other Expenses: Line 48,Office Equipment,Monthly,"TSP, LLC",Expense,tomstout,,
11/22/24,99.38,September,FirstNet iPad Purchase,Posted on the 18th,Other Expenses: Line 48,Office Equipment,Monthly,"TSP, LLC",Expense,tomstout,,
11/22/24,99.38,October,FirstNet iPad Purchase,Posted on the 18th,Other Expenses: Line 48,Office Equipment,Monthly,"TSP, LLC",Expense,tomstout,,
11/22/24,99.38,August,FirstNet iPad Purchase,Posted on the 18th,Other Expenses: Line 48,Office Equipment,Monthly,"TSP, LLC",Expense,tomstout,,
11/22/24,99.38,July,FirstNet iPad Purchase,Posted on the 18th,Other Expenses: Line 48,Office Equipment,Monthly,"TSP, LLC",Expense,tomstout,,
11/22/24,82.18,September,Samsung Monitor - Affirm,Posted on the 24th,Other Expenses: Line 48,Office Equipment,Monthly,"TSP, LLC",Expense,tomstout,,
11/22/24,82.18,August,Samsung Monitor - Affirm,Posted on the 24th,Other Expenses: Line 48,Office Equipment,Monthly,"TSP, LLC",Expense,tomstout,,
11/22/24,82.18,July,Samsung Monitor - Affirm,Posted on the 24th,Other Expenses: Line 48,Office Equipment,Monthly,"TSP, LLC",Expense,tomstout,,
11/22/24,82.18,October,Samsung Monitor - Affirm,Posted on the 24th,Other Expenses: Line 48,Office Equipment,Monthly,"TSP, LLC",Expense,tomstout,,
11/22/24,284.2,September,Affirm - Canon R5 Purchase,Posted on the 12th,Other Expenses: Line 48,Photography Equipment,,Tom Stout Photography,Expense,tomstout,,
11/22/24,284.2,August,Affirm - Canon R5 Purchase,Posted on the 12th,Other Expenses: Line 48,Photography Equipment,,Tom Stout Photography,Expense,tomstout,,
11/22/24,284.2,October,Affirm - Canon R5 Purchase,Posted on the 12th,Other Expenses: Line 48,Photography Equipment,,Tom Stout Photography,Expense,tomstout,,
11/22/24,284.2,July,Affirm - Canon R5 Purchase,Posted on the 12th,Other Expenses: Line 48,Photography Equipment,,Tom Stout Photography,Expense,tomstout,,
11/22/24,29.99,September,Adobe CC,Posted on the 18th,Other Expenses: Line 48,Software,Monthly,"TSP, LLC",Expense,tomstout,,
11/22/24,29.99,August,Adobe CC,Posted on the 18th,Other Expenses: Line 48,Software,Monthly,"TSP, LLC",Expense,tomstout,,
11/22/24,29.99,July,Adobe CC,Posted on the 18th,Other Expenses: Line 48,Software,Monthly,"TSP, LLC",Expense,tomstout,,
11/22/24,29.99,October,Adobe CC,Posted on the 18th,Other Expenses: Line 48,Software,Monthly,"TSP, LLC",Expense,tomstout,,
11/22/24,9.99,August,Apple iCloud ,Posted on the 6th,Other Expenses: Line 48,Software,Monthly,"TSP, LLC",Expense,tomstout,,
11/22/24,9.99,September,Apple iCloud ,Posted on the 6th,Other Expenses: Line 48,Software,Monthly,"TSP, LLC",Expense,tomstout,,
11/22/24,9.99,October,Apple iCloud ,Posted on the 6th,Other Expenses: Line 48,Software,Monthly,"TSP, LLC",Expense,tomstout,,
11/22/24,9.99,July,Apple iCloud ,Posted on the 6th,Other Expenses: Line 48,Software,Monthly,"TSP, LLC",Expense,tomstout,,
11/22/24,13.36,August,Microsoft 365 Subscription,Posted on the 6th,Other Expenses: Line 48,Software,Monthly,"TSP, LLC",Expense,tomstout,,
11/22/24,13.36,September,Microsoft 365 Subscription,Posted on the 6th,Other Expenses: Line 48,Software,Monthly,"TSP, LLC",Expense,tomstout,,
11/22/24,13.36,October,Microsoft 365 Subscription,Posted on the 6th,Other Expenses: Line 48,Software,Monthly,"TSP, LLC",Expense,tomstout,,
11/22/24,13.36,July,Microsoft 365 Subscription,Posted on the 6th,Other Expenses: Line 48,Software,Monthly,"TSP, LLC",Expense,tomstout,,
11/22/24,21.39,July,Paddle.com Subscription,Posted on the 20th,Other Expenses: Line 48,Software,Monthly,"TSP, LLC",Expense,tomstout,,
11/22/24,21.39,October,Paddle.com Subscription,Posted on the 20th,Other Expenses: Line 48,Software,Monthly,"TSP, LLC",Expense,tomstout,,
11/22/24,21.39,September,Paddle.com Subscription,Posted on the 20th,Other Expenses: Line 48,Software,Monthly,"TSP, LLC",Expense,tomstout,,
11/22/24,21.39,August,Paddle.com Subscription,Posted on the 20th,Other Expenses: Line 48,Software,Monthly,"TSP, LLC",Expense,tomstout,,
11/25/24,117.49,249999,24x100 Photo Paper Breathing Color,Chase,Supplies,Photography Supplies,,Tom Stout Photography,Expense,tomstout,,
11/26/24,3000,240057,Vegas II Invoice,Chase Business Deposit,Gross Receipts,Drone Services,Vegas II,Airborne Images,Income,tomstout,,
11/26/24,763.47,249999,Samsung Monitor - Affirm,Chase Business Debit,Other Expenses: Line 48,Office Equipment,Monthly,"TSP, LLC",Expense,tomstout,,
11/26/24,1323.76,249999,Canon EOS R5,Chase Business Debit,Other Expenses: Line 48,Photography Equipment,,Tom Stout Photography,Expense,tomstout,,
11/27/24,71.88,249999,Siteground Hosting Annual,Chase,Other Expenses: Line 48,Web Hosting,Monthly,"TSP, LLC",Expense,tomstout,,
12/2/24,9,Monthly,Chase: PaymentTech,Posted on the 2nd,Other Expenses: Line 48,Bank Fees,Monthly,1,Expense,tomstout,,
12/6/24,9.99,Monthly,Apple iCloud ,Posted on the 6th,Other Expenses: Line 48,Software,Monthly,"TSP, LLC",Expense,tomstout,,
12/6/24,13.36,Monthly,Microsoft 365 Subscription,Posted on the 6th,Other Expenses: Line 48,Software,Monthly,"TSP, LLC",Expense,tomstout,,
12/10/24,144.29,Monthly,Business Insurance,Posted on the 1st,Insurance,Business Insurance,Monthly,1,Expense,tomstout,,
12/10/24,17,Monthly,FirstNet Cellular Service,Posted on the 8th,Other Expenses: Line 48,Office Equipment,Monthly,"TSP, LLC",Expense,tomstout,,
12/18/24,29.99,Monthly,Adobe CC,Posted on the 18th,Other Expenses: Line 48,Software,Monthly,"TSP, LLC",Expense,tomstout,,
12/20/24,21.39,Monthly,Paddle.com Subscription,Posted on the 20th,Other Expenses: Line 48,Software,Monthly,"TSP, LLC",Expense,tomstout,,
12/23/24,25.16,249999,Google Suite,Chase,Other Expenses: Line 48,Software,Monthly,"TSP, LLC",Expense,tomstout,,
12/30/24,15,Monthly,Chase: Account Fee,Posted on the 30th,Other Expenses: Line 48,Bank Fees,Monthly,1,Expense,tomstout,,
12/30/24,120,249999,Smugmug Annual Subscription,Chase Debit,Other Expenses: Line 48,Web Hosting,Monthly,Tom Stout Photography,Expense,tomstout,,
12/31/24,3000,240058,Pomona II Invoice,Chase Dep,Gross Receipts,Drone Services,Pomona II,Airborne Images,Income,tomstout,,
1/1/25,143.61,,The Hartford Insurance,,Insurance,Business Insurance,Monthly,"TSP, LLC",Expense,tomstout,,
1/2/25,9,,PaymentTech,,Other Expenses: Line 48,Bank Fees,Monthly,"TSP, LLC",Expense,tomstout,,
1/2/25,2.55,,Google Suite,,Other Expenses: Line 48,Software,Monthly,"TSP, LLC",Expense,tomstout,,
1/6/25,9.99,,Apple iCloud,,Other Expenses: Line 48,Software,Monthly,"TSP, LLC",Expense,tomstout,,
1/7/25,13.38,,Microsoft 365,,Other Expenses: Line 48,Software,Monthly,"TSP, LLC",Expense,tomstout,,
1/8/25,6,,AWS - Database,,Other Expenses: Line 48,Software,Monthly,"TSP, LLC",Expense,tomstout,,
1/8/25,9,,Heroku,,Other Expenses: Line 48,Web Hosting,Monthly,"TSP, LLC",Expense,tomstout,,
1/10/25,148.22,250103,Alaska Air flight to Pomona I,receipts/Screenshot_2025-05-15_at_6.28.08PM.png,Travel & Meals: Travel,Airfare,Pomona I,3,Expense,tomstout,,
1/10/25,27.77,250103,"Flight insurance, Pomona I",receipts/Screenshot_2025-05-15_at_6.29.36PM.png,Travel & Meals: Travel,Airfare,Pomona I,3,Expense,tomstout,,
1/10/25,159.91,250103,"Return flight, Pomona I",receipts/Screenshot_2025-05-15_at_6.31.01PM.png,Travel & Meals: Travel,Airfare,Pomona I,Airborne Images,Expense,tomstout,,
1/18/25,60.45,,Verizon Cellular,,Utilities,Cellular Service,Monthly,"TSP, LLC",Expense,tomstout,,
1/18/25,44.24,,Verizon iPad,,Other Expenses: Line 48,Office Equipment,Monthly,Airborne Images,Expense,tomstout,,
1/20/25,16.04,,Paddle.com,,Other Expenses: Line 48,Software,Monthly,"TSP, LLC",Expense,tomstout,,
1/21/25,32.09,,Adobe CC,,Other Expenses: Line 48,Software,Monthly,"TSP, LLC",Expense,tomstout,,
1/24/25,588.36,250001,Gainseville Flight,Venture Card,Travel & Meals: Travel,Airfaire,Gainesville,3,Expense,tomstout,,
1/25/25,15,Monthly,Chase: Account Fee,Posted on the 30th,Other Expenses: Line 48,Bank Fees,Monthly,1,Expense,tomstout,,
1/25/25,9,Monthly,Chase: PaymentTech,Posted on the 2nd,Other Expenses: Line 48,Bank Fees,Monthly,1,Expense,tomstout,,
1/25/25,143.61,Monthly,Business Insurance,Posted on the 1st,Insurance,Business Insurance,Monthly,1,Expense,tomstout,,
1/25/25,17,Monthly,FirstNet Cellular Service,Posted on the 8th,Other Expenses: Line 48,Office Equipment,Monthly,"TSP, LLC",Expense,tomstout,,
1/25/25,99.38,Monthly,Verizon iPad,Posted on the 7th,Other Expenses: Line 48,Office Equipment,Monthly,Airborne Images,Expense,tomstout,,
1/25/25,29.99,Monthly,Adobe CC,Posted on the 18th,Other Expenses: Line 48,Software,Monthly,"TSP, LLC",Expense,tomstout,,
1/25/25,9.99,Monthly,Apple iCloud ,Posted on the 6th,Other Expenses: Line 48,Software,Monthly,"TSP, LLC",Expense,tomstout,,
1/25/25,13.36,Monthly,Microsoft 365 Subscription,Posted on the 6th,Other Expenses: Line 48,Software,Monthly,"TSP, LLC",Expense,tomstout,,
1/25/25,21.39,Monthly,Paddle.com Subscription,Posted on the 20th,Other Expenses: Line 48,Software,Monthly,"TSP, LLC",Expense,tomstout,,
1/30/25,15,,Chase Bank Fee,,Other Expenses: Line 48,Bank Fees,Monthly,1,Expense,tomstout,,
2/1/25,143.61,,The Hartford Insurance,,Insurance,Business Insurance,Monthly,"TSP, LLC",Expense,tomstout,,
2/2/25,15,Monthly,Chase: Account Fee,Posted on the 30th,Other Expenses: Line 48,Bank Fees,Monthly,1,Expense,tomstout,,
2/2/25,9,Monthly,Chase: PaymentTech,Posted on the 2nd,Other Expenses: Line 48,Bank Fees,Monthly,1,Expense,tomstout,,
2/2/25,9,,PaymentTech,,Other Expenses: Line 48,Bank Fees,Monthly,"TSP, LLC",Expense,tomstout,,
2/2/25,55,Monthly,FirstNet Cellular Service,Posted on the 8th,Other Expenses: Line 48,Office Equipment,Monthly,"TSP, LLC",Expense,tomstout,,
2/2/25,55,Monthly,FirstNet Cellular Service,Posted on the 8th,Other Expenses: Line 48,Office Equipment,Monthly,"TSP, LLC",Expense,tomstout,,
2/2/25,99.38,Monthly,Verizon iPad,Posted on the 7th,Other Expenses: Line 48,Office Equipment,Monthly,Airborne Images,Expense,tomstout,,
2/2/25,29.99,Monthly,Adobe CC,Posted on the 18th,Other Expenses: Line 48,Software,Monthly,"TSP, LLC",Expense,tomstout,,
2/2/25,9.99,Monthly,Apple iCloud ,Posted on the 6th,Other Expenses: Line 48,Software,Monthly,"TSP, LLC",Expense,tomstout,,
2/2/25,2.55,,Google Suite,,Other Expenses: Line 48,Software,Monthly,"TSP, LLC",Expense,tomstout,,
2/2/25,13.36,Monthly,Microsoft 365 Subscription,Posted on the 6th,Other Expenses: Line 48,Software,Monthly,"TSP, LLC",Expense,tomstout,,
2/2/25,21.39,Monthly,Paddle.com Subscription,Posted on the 20th,Other Expenses: Line 48,Software,Monthly,"TSP, LLC",Expense,tomstout,,
2/3/25,13.36,Monthly,Microsoft 365 Subscription,Posted on the 6th,Other Expenses: Line 48,Software,Monthly,"TSP, LLC",Expense,tomstout,,
2/4/25,113.58,250102,Phoenix Airfare,receipts/Screenshot_2025-05-07_at_8.09.37PM.png,Travel & Meals: Travel,Airfare,Phoenix,Airborne Images,Expense,tomstout,,
2/4/25,401.97,250102,Phoenix Flights,receipts/Screenshot_2025-05-07_at_8.10.40PM.png,Travel & Meals: Travel,Airfare,Phoenix,Airborne Images,Expense,tomstout,,
2/4/25,9.99,Monthly,Apple iCloud ,Posted on the 6th,Other Expenses: Line 48,Software,Monthly,"TSP, LLC",Expense,tomstout,,
2/5/25,29.99,Monthly,Adobe CC,Posted on the 18th,Other Expenses: Line 48,Software,Monthly,"TSP, LLC",Expense,tomstout,,
2/6/25,99.38,Monthly,Verizon iPad,Posted on the 7th,Other Expenses: Line 48,Office Equipment,Monthly,Airborne Images,Expense,tomstout,,
2/6/25,9.99,,Apple iCloud,,Other Expenses: Line 48,Software,Monthly,"TSP, LLC",Expense,tomstout,,
2/7/25,13.38,,Microsoft 365,,Other Expenses: Line 48,Software,Monthly,"TSP, LLC",Expense,tomstout,,
2/7/25,21.39,Monthly,Paddle.com Subscription,Posted on the 20th,Other Expenses: Line 48,Software,Monthly,"TSP, LLC",Expense,tomstout,,
2/8/25,9,Monthly,Chase: PaymentTech,Posted on the 2nd,Other Expenses: Line 48,Bank Fees,Monthly,1,Expense,tomstout,,
2/8/25,6,,AWS - Database,,Other Expenses: Line 48,Software,Monthly,"TSP, LLC",Expense,tomstout,,
2/8/25,9,,Heroku,,Other Expenses: Line 48,Web Hosting,Monthly,"TSP, LLC",Expense,tomstout,,
2/9/25,15,Monthly,Chase: Account Fee,Posted on the 30th,Other Expenses: Line 48,Bank Fees,Monthly,1,Expense,tomstout,,
2/18/25,60.45,,Verizon Cellular,,Utilities,Cellular Service,Monthly,"TSP, LLC",Expense,tomstout,,
2/18/25,44.24,,Verizon iPad,,Other Expenses: Line 48,Office Equipment,Monthly,Airborne Images,Expense,tomstout,,
2/20/25,16.04,,Paddle.com,,Other Expenses: Line 48,Software,Monthly,"TSP, LLC",Expense,tomstout,,
2/21/25,32.09,,Adobe CC,,Other Expenses: Line 48,Software,Monthly,"TSP, LLC",Expense,tomstout,,
2/28/25,15,,Chase Bank Fee,,Other Expenses: Line 48,Bank Fees,Monthly,1,Expense,tomstout,,
3/1/25,143.61,,The Hartford Insurance,,Insurance,Business Insurance,Monthly,"TSP, LLC",Expense,tomstout,,
3/2/25,9,,PaymentTech,,Other Expenses: Line 48,Bank Fees,Monthly,"TSP, LLC",Expense,tomstout,,
3/2/25,2.55,,Google Suite,,Other Expenses: Line 48,Software,Monthly,"TSP, LLC",Expense,tomstout,,
3/6/25,9.99,,Apple iCloud,,Other Expenses: Line 48,Software,Monthly,"TSP, LLC",Expense,tomstout,,
3/7/25,37.58,250101,Gainesville meal,receipts/Screenshot_2025-05-07_at_8.14.55PM.png,Travel & Meals: Deductible Meals,Meals,Gainesville,3,Expense,tomstout,,
3/7/25,13.38,,Microsoft 365,,Other Expenses: Line 48,Software,Monthly,"TSP, LLC",Expense,tomstout,,
3/8/25,10.63,250101,Gainesville Meal,receipts/Gainsville_Meal.pdf,Travel & Meals: Deductible Meals,Meals,Gainesville,3,Expense,tomstout,,
3/8/25,6,,AWS - Database,,Other Expenses: Line 48,Software,Monthly,"TSP, LLC",Expense,tomstout,,
3/8/25,9,,Heroku,,Other Expenses: Line 48,Web Hosting,Monthly,"TSP, LLC",Expense,tomstout,,
3/10/25,34.99,250101,Gainesville - Indy checked bag,receipts/Screenshot_2025-05-07_at_8.16.31PM.png,Travel & Meals: Travel,Airfare,Gainesville,3,Expense,tomstout,,
3/10/25,28.78,250101,Gainesville Gas,receipts/Scanned_Document.pdf,Travel & Meals: Travel,Fuel,Gainesville,3,Expense,tomstout,,Rental Car
3/11/25,35,250101,Indy - Gainesville checked bag,receipts/Screenshot_2025-05-07_at_8.18.57PM.png,Travel & Meals: Travel,Airfare,Gainesville,Airborne Images,Expense,tomstout,,
3/11/25,231.1,250101,Gainesville car rental,receipts/Screenshot_2025-05-07_at_8.17.47PM.png,Travel & Meals: Travel,Car Rental,Gainesville,3,Expense,tomstout,,Rental Car
3/11/25,30.42,250102,Gainesville meals,receipts/Screenshot_2025-05-07_at_8.21.37PM.png,Travel & Meals: Deductible Meals,Meals,Gainesville,3,Expense,tomstout,,
3/18/25,60.45,,Verizon Cellular,,Utilities,Cellular Service,Monthly,"TSP, LLC",Expense,tomstout,,
3/18/25,44.24,,Verizon iPad,,Other Expenses: Line 48,Office Equipment,Monthly,Airborne Images,Expense,tomstout,,
3/19/25,35,250102,Phoenix - Indy Checked bag,receipts/Screenshot_2025-05-07_at_8.22.54PM.png,Travel & Meals: Travel,Airfare,Phoenix,Airborne Images,Expense,tomstout,,
3/19/25,29.15,250102,Phoenix Meal,receipts/Phoenix-Meal_1.pdf,Travel & Meals: Deductible Meals,Meals,Phoenix,Airborne Images,Expense,tomstout,,
3/20/25,16.04,,Paddle.com,,Other Expenses: Line 48,Software,Monthly,"TSP, LLC",Expense,tomstout,,
3/21/25,30.6,250102,Phoenix meals,receipts/Screenshot_2025-05-07_at_8.24.03PM.png,Travel & Meals: Deductible Meals,Meals,Phoenix,Airborne Images,Expense,tomstout,,
3/21/25,32.09,,Adobe CC,,Other Expenses: Line 48,Software,Monthly,"TSP, LLC",Expense,tomstout,,
3/25/25,433.67,250102,Phoenix Rental Car,,Travel & Meals: Travel,Car Rental,Phoenix,Airborne Images,Expense,tomstout,,Rental Car
3/26/25,69.92,250102,Phoenix Gas,receipts/Screenshot_2025-05-07_at_8.36.32PM.png,Travel & Meals: Travel,Fuel,Phoenix,Airborne Images,Expense,tomstout,,Rental Car
3/27/25,35,250102,Phoenix - Indy checked bag,receipts/Screenshot_2025-05-07_at_8.38.21PM.png,Travel & Meals: Travel,Airfare,Phoenix,Airborne Images,Expense,tomstout,,
3/30/25,15,,Chase Bank Fee,,Other Expenses: Line 48,Bank Fees,Monthly,1,Expense,tomstout,,
3/31/25,14.85,250103,Pomona I meals,receipts/Screenshot_2025-05-07_at_8.48.07PM.png,Travel & Meals: Deductible Meals,Meals,Pomona I,Airborne Images,Expense,tomstout,,
4/1/25,143.61,,The Hartford Insurance,,Insurance,Business Insurance,Monthly,"TSP, LLC",Expense,tomstout,,
4/1/25,868,250103,Pomona I Hotel Receipt,receipts/Pomona_Hotel.pdf,Travel & Meals: Travel,Hotels,Pomona I,Airborne Images,Expense,tomstout,,
4/1/25,21.07,250103,Pomona I meals,receipts/Screenshot_2025-05-07_at_8.46.59PM.png,Travel & Meals: Deductible Meals,meals,Pomona I,Airborne Images,Expense,tomstout,,
4/2/25,9,,PaymentTech,,Other Expenses: Line 48,Bank Fees,Monthly,"TSP, LLC",Expense,tomstout,,
4/2/25,393.54,250103,Pomona I Car Rental,receipts/Screenshot_2025-05-07_at_8.40.33PM.png,Travel & Meals: Travel,Car Rental,Pomona I,Airborne Images,Expense,tomstout,,Rental Car
4/2/25,2.55,,Google Suite,,Other Expenses: Line 48,Software,Monthly,"TSP, LLC",Expense,tomstout,,
4/3/25,43.2,250103,Pomona I Gas,receipts/Screenshot_2025-05-07_at_8.42.07PM.png,Travel & Meals: Travel,Fuel,Pomona I,Airborne Images,Expense,tomstout,,Rental Car
4/6/25,9.99,,Apple iCloud,,Other Expenses: Line 48,Software,Monthly,"TSP, LLC",Expense,tomstout,,
4/7/25,13.38,,Microsoft 365,,Other Expenses: Line 48,Software,Monthly,"TSP, LLC",Expense,tomstout,,
4/8/25,6,,AWS - Database,,Other Expenses: Line 48,Software,Monthly,"TSP, LLC",Expense,tomstout,,
4/8/25,9,,Heroku,,Other Expenses: Line 48,Web Hosting,Monthly,"TSP, LLC",Expense,tomstout,,
4/11/25,379,250104,Vegas flights,receipts/Screenshot_2025-05-15_at_6.37.01PM.png,Travel & Meals: Travel,Airfare,Vegas I,Airborne Images,Expense,tomstout,,
4/12/25,9.4,250104,Vegas I Meals,receipts/Screenshot_2025-05-07_at_8.49.52PM.png,Travel & Meals: Deductible Meals,Meals,Vegas I,Airborne Images,Expense,tomstout,,
4/14/25,533.3,250104,Vegas I Hotel,receipts/Vegas_I_Hotel.pdf,Travel & Meals: Travel,Hotels,Vegas I,Airborne Images,Expense,tomstout,,
4/16/25,22.83,250104,Vegas I Gas,receipts/Screenshot_2025-05-07_at_8.53.10PM.png,Travel & Meals: Travel,Fuel,Vegas I,Airborne Images,Expense,tomstout,,Rental Car
4/17/25,223.4,250104,Vegas I Car Rental,receipts/Screenshot_2025-05-07_at_8.51.51PM.png,Travel & Meals: Travel,Car Rental,Vegas I,Airborne Images,Expense,tomstout,,Rental Car
4/18/25,60.45,,Verizon Cellular,,Utilities,Cellular Service,Monthly,"TSP, LLC",Expense,tomstout,,
4/18/25,44.24,,Verizon iPad,,Other Expenses: Line 48,Office Equipment,Monthly,Airborne Images,Expense,tomstout,,
4/20/25,16.04,,Paddle.com,,Other Expenses: Line 48,Software,Monthly,"TSP, LLC",Expense,tomstout,,
4/21/25,32.09,,Adobe CC,,Other Expenses: Line 48,Software,Monthly,"TSP, LLC",Expense,tomstout,,
4/24/25,3250,250101,Gainesville Invoice,,Gross Receipts,Drone Services,Gainesville,3,Income,tomstout,,
4/24/25,3250,250102,Phoenix Invoice,,Gross Receipts,Drone Services,Phoenix,Airborne Images,Income,tomstout,,
4/24/25,54.39,250105,Charlotte I Gas,,Travel & Meals: Travel,Fuel,Charlotte I,3,Expense,tomstout,,Personal Vehicle
4/24/25,19.72,250105,Charlotte I Meals,,Travel & Meals: Deductible Meals,Meals,Charlotte I,3,Expense,tomstout,,
4/24/25,36.18,250105,Charlotte I Meals,,Travel & Meals: Deductible Meals,Meals,Charlotte I,3,Expense,tomstout,,
4/25/25,3250,250103,Pomona I Invoice,,Gross Receipts,Drone Services,Pomona I,Airborne Images,Income,tomstout,,
4/25/25,65.26,250105,Charlotte I Gas,,Travel & Meals: Travel,Fuel,Charlotte I,3,Expense,tomstout,,Personal Vehicle
4/27/25,397.62,250105,Charlotte I Hotel,,Travel & Meals: Travel,Hotels,Charlotte I,Airborne Images,Expense,tomstout,,Personal Vehicle
4/28/25,750,250105,SkyGuy - 2nd Drone Operator,receipts/250105_SkyGuy_Invoice.pdf,Contract Labor,Contractors,Charlotte I,Airborne Images,Expense,tomstout,,
4/28/25,105.84,250105,"Charlotte I Hotel Beckley, WV",,Travel & Meals: Travel,Hotels,Charlotte I,Airborne Images,Expense,tomstout,,
4/28/25,19.93,250105,Charlotte Meal,receipts/250105_Charlotte_I_Meals_b.pdf,Travel & Meals: Deductible Meals,Meals,Charlotte II,3,Expense,tomstout,,
4/29/25,68.71,250105,Charlotte I Gas,,Travel & Meals: Travel,Fuel,Charlotte I,3,Expense,tomstout,,Personal Vehicle
4/30/25,15,,Chase Bank Fee,,Other Expenses: Line 48,Bank Fees,Monthly,1,Expense,tomstout,,
5/1/25,143.61,,The Hartford Insurance,,Insurance,Business Insurance,Monthly,"TSP, LLC",Expense,tomstout,,
5/2/25,9,,PaymentTech,,Other Expenses: Line 48,Bank Fees,Monthly,"TSP, LLC",Expense,tomstout,,
5/2/25,2.55,,Google Suite,,Other Expenses: Line 48,Software,Monthly,"TSP, LLC",Expense,tomstout,,
5/6/25,9.99,,Apple iCloud,,Other Expenses: Line 48,Software,Monthly,"TSP, LLC",Expense,tomstout,,
5/7/25,13.38,,Microsoft 365,,Other Expenses: Line 48,Software,Monthly,"TSP, LLC",Expense,tomstout,,
5/8/25,6,,AWS - Database,,Other Expenses: Line 48,Software,Monthly,"TSP, LLC",Expense,tomstout,,
5/8/25,9,,Heroku,,Other Expenses: Line 48,Web Hosting,Monthly,"TSP, LLC",Expense,tomstout,,
5/15/25,777.97,250107,Epping airfare,receipts/Screenshot_2025-05-15_at_6.19.58PM.png,Travel & Meals: Travel,Airfare,Epping,3,Expense,tomstout,,
5/16/25,3250,250104,Vegas I Invoice,,Gross Receipts,Drone Services,Vegas I,Airborne Images,Income,tomstout,,
5/16/25,11.55,250106,Chicago Meal,receipts/250106_Chicago_Meal_2.pdf,Travel & Meals: Deductible Meals,Meals,Chicago,3,Expense,tomstout,,
5/17/25,11.32,250106,Chicago Meal,receipts/250106_Chicago_Meal_1.pdf,Travel & Meals: Deductible Meals,Meals,Chicago,3,Expense,tomstout,,
5/17/25,15.85,250106,Chicago Meals,,Travel & Meals: Deductible Meals,Meals,Chicago,3,Expense,tomstout,,
5/18/25,60.45,,Verizon Cellular,,Utilities,Cellular Service,Monthly,"TSP, LLC",Expense,tomstout,,
5/18/25,72.66,250106,Chicago Gas,receipts/250106_Chicago_Gas_1.pdf,Travel & Meals: Travel,Fuel,Chicago,3,Expense,tomstout,,Personal Vehicle
5/18/25,44.24,,Verizon iPad,,Other Expenses: Line 48,Office Equipment,Monthly,Airborne Images,Expense,tomstout,,
5/20/25,348.66,250106,Chicago Hotel,,Travel & Meals: Travel,Hotels,Chicago,Airborne Images,Expense,tomstout,,
5/20/25,16.04,,Paddle.com,,Other Expenses: Line 48,Software,Monthly,"TSP, LLC",Expense,tomstout,,
5/21/25,32.09,,Adobe CC,,Other Expenses: Line 48,Software,Monthly,"TSP, LLC",Expense,tomstout,,
5/29/25,862.6,250107,Epping Hotel,receipts/250107_Epping_Hotel.pdf,Travel & Meals: Travel,Hotels,Epping,Airborne Images,Expense,tomstout,,
5/30/25,15,,"Chase Bank Fee, Chase Business account",,Other Expenses: Line 48,Bank Fees,Monthly,1,Expense,tomstout,,
6/1/25,13.75,250107,Epping Tolls - Maine (Cash),,Travel & Meals: Travel,Other Travel,Epping,Airborne Images,Expense,tomstout,,
6/2/25,28.05,250107,Epping Gas,receipts/250107_Epping_Gas_1.pdf,Travel & Meals: Travel,Fuel,Epping,3,Expense,tomstout,,Rental Car
6/2/25,12.14,250107,Epping meals,,Travel & Meals: Deductible Meals,Meals,Epping,3,Expense,tomstout,,
6/2/25,13.01,250107,Epping Meals,,Travel & Meals: Deductible Meals,Meals,Epping,3,Expense,tomstout,,
6/4/25,401.98,250107,Epping Car Rental,receipts/250107_Epping_Car_Rental.pdf,Travel & Meals: Travel,Car Rental,Epping,3,Expense,tomstout,,Rental Car
6/4/25,1200,,Sold DJI Mavic 3 Classic Drone,,Equipment Sale,Drone Equipment,,Airborne Images,Income,tomstout,,
6/4/25,16.38,250107,Epping Gas,receipts/250107_Epping_Gas_2.pdf,Travel & Meals: Travel,Fuel,Epping,3,Expense,tomstout,,Rental Car
6/4/25,79.66,250107,Epping Meals,receipts/250107_Epping_Meal_2.pdf,Travel & Meals: Deductible Meals,Meals,Epping,3,Expense,tomstout,,
6/4/25,27.4,250107,Epping Meals,receipts/250107_Epping_Meal_1.pdf,Travel & Meals: Deductible Meals,Meals,Epping,3,Expense,tomstout,,
6/5/25,37.96,250108,Bristol Gas,receipts/250108_Bristol_Gas_1.pdf,Travel & Meals: Travel,Fuel,Bristol,3,Expense,tomstout,,Personal Vehicle
6/6/25,4000,250105,Charlotte I Invoice,,Gross Receipts,Drone Services,Charlotte I,3,Income,tomstout,,
6/6/25,10.83,250109,Bristol Meal,receipts/250108_Bristol_Meal_1.pdf,Travel & Meals: Travel,Meals,Bristol,3,Expense,tomstout,,
6/7/25,10.77,250108,Bristol Meals,,Travel & Meals: Travel,Meals,Bristol,3,Expense,tomstout,,
6/8/25,45.14,250108,Bristol Gas,,Travel & Meals: Travel,Fuel,Bristol,3,Expense,tomstout,,Personal Vehicle
6/8/25,489.99,250108,Bristol Hotel,receipts/250108_Bristol_Hotel.pdf,Travel & Meals: Travel,Hotels,Bristol,Airborne Images,Expense,tomstout,,Personal Vehicle
6/9/25,74.85,,Canopy replacement,,Other Expenses: Line 48,Drone Equipment,,3,Expense,tomstout,,
6/9/25,11.16,250108,Bristol meals,,Travel & Meals: Travel,Meals,Bristol,3,Expense,tomstout,,
6/10/25,600,,Sold DJI RC Pro Controller,,Equipment Sale,Drone Equipment,,Airborne Images,Income,tomstout,,
6/10/25,10.05,250107,Epping Tolls - Boston,receipts/250108_Epping_Tolls.pdf,Travel & Meals: Travel,Other Travel,Epping,Airborne Images,Expense,tomstout,,
6/10/25,26.74,,Carbon Copy Cloner Software,,Other Expenses: Line 48,Software,Monthly,"TSP, LLC",Expense,tomstout,,
6/12/25,15,,Chase Bank Fee,,Other Expenses: Line 48,Bank Fees,Monthly,1,Expense,tomstout,,
6/12/25,9,,PaymentTech,,Other Expenses: Line 48,Bank Fees,Monthly,"TSP, LLC",Expense,tomstout,,
6/12/25,143.61,,The Hartford Insurance,,Insurance,Business Insurance,Monthly,"TSP, LLC",Expense,tomstout,,
6/12/25,72.94,,Verizon Cellular,,Utilities,Cellular Service,Monthly,"TSP, LLC",Expense,tomstout,,
6/12/25,50,,Starlink,,Utilities,Mobile Internet,Monthly,Airborne Images,Expense,tomstout,,
6/12/25,74.24,,Verizon iPad,,Other Expenses: Line 48,Office Equipment,Monthly,Airborne Images,Expense,tomstout,,
6/12/25,64.18,,Adobe CC,,Other Expenses: Line 48,Software,Monthly,"TSP, LLC",Expense,tomstout,,
6/12/25,9.99,,Apple iCloud,,Other Expenses: Line 48,Software,Monthly,"TSP, LLC",Expense,tomstout,,
6/12/25,6,,AWS - Database,,Other Expenses: Line 48,Software,Monthly,"TSP, LLC",Expense,tomstout,,
6/12/25,2.55,,Google Suite,,Other Expenses: Line 48,Software,Monthly,"TSP, LLC",Expense,tomstout,,
6/12/25,13.38,,Microsoft 365,,Other Expenses: Line 48,Software,Monthly,"TSP, LLC",Expense,tomstout,,
6/12/25,16.04,,Paddle.com,,Other Expenses: Line 48,Software,Monthly,"TSP, LLC",Expense,tomstout,,
6/12/25,11.19,,Heroku,,Other Expenses: Line 48,Web Hosting,Monthly,"TSP, LLC",Expense,tomstout,,
6/16/25,1616.45,,Purchased DJI Air 3s Drone,receipts/Screenshot_2025-07-03_at_7.03.32PM.png,Other Expenses: Line 48,Drone Equipment,,Airborne Images,Expense,tomstout,,
6/18/25,102.41,250109,Virginia Hotel 1st night,receipts/250109_VA_Hotel_1.pdf,Travel & Meals: Travel,Hotels,,3,Expense,tomstout,,
6/19/25,55.75,250109,Virginia Gas,receipts/250109_VA_gas_1.pdf,Travel & Meals: Travel,Fuel,Richmond,Airborne Images,Expense,tomstout,,Personal Vehicle
6/19/25,11.9,250109,Virginia Meal,receipts/250109_VA_Meal_1.pdf,Travel & Meals: Deductible Meals,Meals,Ridchmond,Airborne Images,Expense,tomstout,,
6/20/25,59.44,250109,Virginia Gas,receipts/250109_VA_Gas_2.pdf,Travel & Meals: Travel,Fuel,Richmond,Airborne Images,Expense,tomstout,,Personal Vehicle
6/20/25,96.42,,Table for Drone Operations,,Other Expenses: Line 48,Office Equipment,,Airborne Images,Expense,tomstout,,
6/21/25,3250,250106,Chicago Invoice,,Gross Receipts,Drone Services,Chicago,3,Income,tomstout,,
6/22/25,45.38,250109,Virginia Gas,,Travel & Meals: Travel,Fuel,Richmond,Airborne Images,Expense,tomstout,,Personal Vehicle
6/23/25,61.13,250109,Virginia Gas,,Travel & Meals: Travel,Fuel,Richmond,Airborne Images,Expense,tomstout,,Personal Vehicle
6/23/25,108.66,250109,Virginia Hotel - Return Trip Venture Card,,Travel & Meals: Travel,Hotels,,3,Expense,tomstout,,
6/23/25,10.9,250109,Virginia meals,,Travel & Meals: Deductible Meals,Meals,Richmond,Airborne Images,Expense,tomstout,,
6/24/25,589.53,250109,Virginia Hotel - Venture Card,,Travel & Meals: Travel,Hotels,,3,Expense,tomstout,,
6/25/25,121.98,250110,Controller Rental for Norwalk,receipts/250110_Norwalk_Eqlupment_Rental.png,Rent or Lease: Other Business Property,Drone Equipment,Norwalk,3,Expense,tomstout,,
6/27/25,74.35,250110,Norwalk Gas,,Travel & Meals: Travel,Fuel,Norwalk,Airborne Images,Expense,tomstout,,Personal Vehicle
6/27/25,9,250110,Norwalk Tolls,,Travel & Meals: Travel,Other Travel,Norwalk,Airborne Images,Expense,tomstout,,
6/27/25,5.5,250110,Norwalk Tolls,,Travel & Meals: Travel,Other Travel,Norwalk,Airborne Images,Expense,tomstout,,
6/28/25,48.28,250110,Norwalk Gas,,Travel & Meals: Travel,Fuel,Norwalk,Airborne Images,Expense,tomstout,,Personal Vehicle
6/28/25,27.16,250110,Norwalk Meals,,Travel & Meals: Deductible Meals,Meals,Norwalk,Airborne Images,Expense,tomstout,,
6/29/25,74.67,250110,Norwalk Meals,receipts/250110_Norwalk_Meals_2.pdf,Travel & Meals: Deductible Meals,Meals,Norwalk,Airborne Images,Expense,tomstout,,
6/30/25,750,250110,"Skyguy LLC, 2nd Drone for Norwalk",,Contract Labor,Contractors,Norwalk,Airborne Images,Expense,tomstout,,
6/30/25,48.85,250110,Norwalk Gas,,Travel & Meals: Travel,Fuel,Norwalk,Airborne Images,Expense,tomstout,,Personal Vehicle
6/30/25,42.47,250110,Norwalk Gas - Chase Business Debit,,Travel & Meals: Travel,Fuel,Norwalk,Airborne Images,Expense,tomstout,,Personal Vehicle
6/30/25,814.44,250110,Norwalk Hotel,receipts/250110_Norwalk_Hotel.pdf,Travel & Meals: Travel,hotels,Norwalk,Airborne Images,Expense,tomstout,,
6/30/25,21.42,250110,Norwalk Meals,receipts/250110_Norwalk_Meals_1.pdf,Travel & Meals: Deductible Meals,Meals,Norwalk,Airborne Images,Expense,tomstout,,
6/30/25,5.5,250110,Norwalk Tolls,,Travel & Meals: Travel,Other Travel,Norwalk,Airborne Images,Expense,tomstout,,
7/1/25,436.53,250112,Return flight from Sonoma race,,Travel & Meals: Travel,Airfare,Sonoma,Airborne Images,Expense,tomstout,,
7/1/25,3250,250107,Epping Invoice Paid,,Gross Receipts,Drone Services,Epping,3,Income,tomstout,,
7/2/25,15,,Chase Bank Fee,,Other Expenses: Line 48,Bank Fees,Monthly,1,Expense,tomstout,,
7/2/25,9.95,,PaymentTech,,Other Expenses: Line 48,Bank Fees,Monthly,"TSP, LLC",Expense,tomstout,,
7/2/25,143.61,,The Hartford Insurance,,Insurance,Business Insurance,Monthly,"TSP, LLC",Expense,tomstout,,
7/2/25,72.94,,Verizon Cellular,,Utilities,Cellular Service,Monthly,"TSP, LLC",Expense,tomstout,,
7/2/25,50,,Starlink,,Utilities,Mobile Internet,Monthly,Airborne Images,Expense,tomstout,,
7/2/25,74.24,,Verizon iPad,,Other Expenses: Line 48,Office Equipment,Monthly,Airborne Images,Expense,tomstout,,
7/2/25,64.18,,Adobe CC,,Other Expenses: Line 48,Software,Monthly,"TSP, LLC",Expense,tomstout,,
7/2/25,9.99,,Apple iCloud,,Other Expenses: Line 48,Software,Monthly,"TSP, LLC",Expense,tomstout,,
7/2/25,6,,AWS - Database,,Other Expenses: Line 48,Software,Monthly,"TSP, LLC",Expense,tomstout,,
7/2/25,7.2,,Google Business Suite,,Other Expenses: Line 48,Software,Monthly,"TSP, LLC",Expense,tomstout,,
7/2/25,2.55,,Google Suite,,Other Expenses: Line 48,Software,Monthly,"TSP, LLC",Expense,tomstout,,
7/2/25,13.38,,Microsoft 365,,Other Expenses: Line 48,Software,Monthly,"TSP, LLC",Expense,tomstout,,
7/2/25,16.04,,Paddle.com,,Other Expenses: Line 48,Software,Monthly,"TSP, LLC",Expense,tomstout,,
7/2/25,11.19,,Heroku,,Other Expenses: Line 48,Web Hosting,Monthly,"TSP, LLC",Expense,tomstout,,
7/3/25,5220.16,,Purchase DJI Mavic 4 Pro Creator Kit,,Other Expenses: Line 48,Drone Equipment,,Airborne Images,Expense,tomstout,,
7/8/25,2200,None,Sold Mavic 3 Pro: 1581F67Q72497M04W1D4,,Equipment Sale,Drone Equipment,,Airborne Images,Income,tomstout,,